customerID,gender,SeniorCitizen,Partner,Dependents,tenure,PhoneService,MultipleLines,InternetService,OnlineSecurity,OnlineBackup,DeviceProtection,TechSupport,StreamingTV,StreamingMovies,Contract,PaperlessBilling,PaymentMethod,MonthlyCharges,TotalCharges,Churn
2824-AHFTR,Male,0,Yes,Yes,42,Yes,Yes,Fiber optic,Yes,No,Yes,No,No,Yes,Month-to-month,No,Mailed check,99.49,4175.39,Yes
6514-CJJIG,Male,0,Yes,No,1,Yes,No,No,No internet service,No internet service,No internet service,No internet service,No internet service,No internet service,Month-to-month,No,Bank transfer (automatic),30.89,34.98,Yes
4733-UZWWJ,Female,0,No,No,28,Yes,No,DSL,Yes,No,Yes,Yes,Yes,Yes,One year,Yes,Bank transfer (automatic),88.95,2493.4,No
6313-VUFAI,Female,1,No,No,10,Yes,No,Fiber optic,No,No,Yes,No,Yes,Yes,Month-to-month,No,Bank transfer (automatic),97.74,975.97,Yes
6930-FZNCB,Male,1,Yes,No,4,Yes,Yes,Fiber optic,No,No,No,No,Yes,Yes,Month-to-month,No,Bank transfer (automatic),97.84,388.16,Yes
3591-LYWGN,Male,0,Yes,No,21,Yes,Yes,DSL,Yes,No,Yes,Yes,No,No,Month-to-month,Yes,Bank transfer (automatic),77.39,1631.82,Yes
1949-GOCTV,Male,1,No,No,13,No,No phone service,DSL,Yes,No,No,Yes,Yes,No,Month-to-month,Yes,Bank transfer (automatic),63.19,821.82,Yes
4681-BAOPA,Male,0,Yes,No,41,Yes,Yes,No,No internet service,No internet service,No internet service,No internet service,No internet service,No internet service,Month-to-month,Yes,Credit card (automatic),34.07,1389.52,No
8744-GMKCR,Female,0,No,No,16,Yes,Yes,Fiber optic,Yes,Yes,No,No,Yes,Yes,Month-to-month,Yes,Credit card (automatic),104.7,1668.87,Yes
2235-LWOBZ,Male,0,Yes,Yes,9,Yes,Yes,DSL,No,Yes,Yes,No,Yes,No,Month-to-month,Yes,Credit card (automatic),77.43,700.8,Yes
8973-EHZPO,Female,1,No,No,39,Yes,Yes,DSL,Yes,Yes,Yes,Yes,Yes,Yes,One year,Yes,Mailed check,96.89,3769.5,Yes
9565-IGRIG,Male,0,No,No,48,Yes,Yes,Fiber optic,Yes,No,Yes,Yes,Yes,No,Month-to-month,Yes,Bank transfer (automatic),105.4,5066.79,Yes
3584-LOHZU,Male,0,No,No,57,No,No phone service,No,No internet service,No internet service,No internet service,No internet service,No internet service,No internet service,Two year,Yes,Mailed check,19.32,1109.03,No
3546-HPSFQ,Female,0,No,No,3,No,No phone service,DSL,Yes,Yes,No,No,Yes,Yes,Month-to-month,Yes,Mailed check,72.19,211.81,No
8007-OCYRD,Male,0,Yes,Yes,24,Yes,No,Fiber optic,Yes,No,Yes,Yes,Yes,No,Month-to-month,No,Credit card (automatic),100.87,2425.87,No
4878-WZVWA,Female,0,No,No,10,Yes,Yes,DSL,No,Yes,Yes,No,Yes,No,Month-to-month,Yes,Credit card (automatic),77.75,783.91,No
4652-AFIWZ,Female,0,No,No,45,Yes,No,Fiber optic,Yes,Yes,No,Yes,No,Yes,One year,Yes,Credit card (automatic),97.73,4403.58,Yes
9379-DXEBL,Male,0,Yes,No,27,No,No phone service,Fiber optic,No,Yes,No,No,No,No,Month-to-month,Yes,Bank transfer (automatic),70.77,1904.63,Yes
7211-RXQHO,Male,0,Yes,Yes,1,Yes,No,DSL,No,No,No,Yes,No,Yes,Month-to-month,No,Bank transfer (automatic),68.58,71.24,Yes
4848-RFFAG,Female,0,Yes,Yes,24,Yes,Yes,No,No internet service,No internet service,No internet service,No internet service,No internet service,No internet service,One year,No,Credit card (automatic),35.47,846.16,No
1090-XWXUF,Female,1,Yes,No,34,Yes,Yes,Fiber optic,No,No,No,No,No,Yes,One year,No,Credit card (automatic),88.25,3005.54,No
5543-TNQHC,Female,0,No,No,10,Yes,Yes,Fiber optic,Yes,Yes,Yes,No,Yes,Yes,Month-to-month,Yes,Credit card (automatic),110.65,1105.82,Yes
7883-KUYAW,Female,0,No,No,1,Yes,No,DSL,No,Yes,No,Yes,No,No,Month-to-month,Yes,Credit card (automatic),64.68,68.26,Yes
3704-VXZNX,Male,1,No,No,33,Yes,No,DSL,Yes,Yes,No,No,No,Yes,Month-to-month,Yes,Bank transfer (automatic),74.81,2466.31,No
7906-GCAOZ,Female,0,Yes,No,19,Yes,Yes,DSL,Yes,Yes,Yes,Yes,Yes,Yes,Month-to-month,Yes,Electronic check,96.82,1833.94,No
7043-EPTCV,Female,1,Yes,No,37,Yes,No,No,No internet service,No internet service,No internet service,No internet service,No internet service,No internet service,Month-to-month,Yes,Mailed check,28.38,1053.87,No
2669-SHRUU,Male,0,No,No,38,Yes,Yes,DSL,No,Yes,No,No,Yes,No,One year,No,Credit card (automatic),74.54,2831.23,No
5425-QXUMV,Female,0,Yes,No,68,Yes,No,No,No internet service,No internet service,No internet service,No internet service,No internet service,No internet service,Two year,Yes,Credit card (automatic),30.85,2101.16,No
9098-WEFUI,Female,0,Yes,Yes,1,Yes,No,DSL,Yes,No,No,No,Yes,Yes,Month-to-month,Yes,Credit card (automatic),77.46,73.58,Yes
8753-OIZOJ,Female,0,No,No,52,Yes,Yes,DSL,No,Yes,Yes,Yes,Yes,No,Two year,Yes,Bank transfer (automatic),85.9,4473.45,No
6912-EANHZ,Female,0,Yes,No,1,Yes,Yes,DSL,Yes,No,No,No,No,No,Month-to-month,Yes,Electronic check,64.26,71.49,Yes
2070-KBQBD,Female,1,Yes,Yes,57,Yes,Yes,Fiber optic,No,No,No,No,No,No,Two year,Yes,Electronic check,81.05,4624.65,No
4404-QGCGO,Male,1,No,No,49,Yes,No,No,No internet service,No internet service,No internet service,No internet service,No internet service,No internet service,Month-to-month,Yes,Mailed check,29.44,1438.21,No
2166-RYUQR,Male,0,Yes,No,4,No,No phone service,DSL,Yes,Yes,Yes,Yes,No,No,Month-to-month,Yes,Credit card (automatic),66.44,269.75,No
9199-OLPXT,Female,1,Yes,No,27,Yes,Yes,DSL,No,Yes,Yes,No,No,No,One year,Yes,Credit card (automatic),71.17,1921.42,Yes
6700-KICEK,Female,0,No,No,49,Yes,Yes,Fiber optic,No,Yes,No,No,No,Yes,Two year,No,Credit card (automatic),95.32,4677.18,Yes
9889-MBNQM,Female,0,Yes,Yes,62,Yes,No,Fiber optic,No,No,Yes,Yes,Yes,Yes,Two year,Yes,Electronic check,101.76,6300.98,No
2858-LDVMS,Female,0,No,No,18,No,No phone service,Fiber optic,Yes,No,Yes,No,Yes,Yes,Month-to-month,No,Bank transfer (automatic),92.86,1678.57,Yes
9318-GASVP,Female,0,No,No,1,Yes,No,No,No internet service,No internet service,No internet service,No internet service,No internet service,No internet service,Month-to-month,Yes,Credit card (automatic),30.28,26.72,Yes
4912-OGUBT,Female,0,Yes,Yes,2,Yes,No,DSL,Yes,No,Yes,No,Yes,Yes,Month-to-month,Yes,Mailed check,79.37,164.37,Yes
7512-QWWWJ,Female,0,No,No,10,Yes,Yes,DSL,Yes,Yes,No,Yes,Yes,No,Month-to-month,No,Electronic check,83.22,836.08,No
1753-IBJLG,Female,0,Yes,Yes,41,Yes,No,Fiber optic,Yes,No,Yes,Yes,No,No,One year,Yes,Electronic check,92.49,3791.4,Yes
9955-ELIPQ,Female,0,No,No,51,Yes,Yes,DSL,No,No,Yes,Yes,No,No,Two year,Yes,Bank transfer (automatic),68.11,3480.21,No
1132-ORTBP,Female,0,No,No,51,Yes,Yes,Fiber optic,No,Yes,Yes,No,Yes,Yes,Two year,No,Electronic check,105.54,5381.36,No
3153-CHTED,Female,0,No,No,68,Yes,No,DSL,No,No,No,Yes,No,Yes,Two year,Yes,Mailed check,70.3,4784.88,No
6992-CKGDJ,Female,0,No,No,31,Yes,Yes,No,No internet service,No internet service,No internet service,No internet service,No internet service,No internet service,Month-to-month,Yes,Bank transfer (automatic),37.58,1159.41,Yes
8606-XHKDY,Female,0,Yes,Yes,18,Yes,Yes,No,No internet service,No internet service,No internet service,No internet service,No internet service,No internet service,Month-to-month,Yes,Bank transfer (automatic),36.35,659.16,No
7866-PSXRV,Female,0,No,No,61,Yes,No,DSL,Yes,No,No,Yes,No,Yes,Two year,No,Bank transfer (automatic),73.72,4506.48,No
7523-HZYVC,Male,0,Yes,Yes,32,Yes,Yes,Fiber optic,Yes,Yes,Yes,Yes,Yes,No,Month-to-month,No,Electronic check,107.39,3446.16,No
9850-GERAA,Male,0,Yes,Yes,20,Yes,No,Fiber optic,Yes,Yes,No,No,No,Yes,One year,Yes,Mailed check,95.73,1905.47,No
9543-HQAZW,Female,0,No,No,5,Yes,No,Fiber optic,Yes,Yes,No,Yes,Yes,Yes,Month-to-month,Yes,Bank transfer (automatic),105.9,531.45,Yes
9282-PCSWQ,Male,0,Yes,Yes,40,Yes,No,Fiber optic,No,Yes,No,No,No,No,One year,Yes,Mailed check,81.43,3256.69,Yes
2398-CCTVO,Female,0,No,No,6,Yes,No,DSL,Yes,No,No,No,Yes,Yes,Month-to-month,Yes,Credit card (automatic),75.12,442.88,No
7022-CHFLO,Male,0,No,No,32,Yes,No,No,No internet service,No internet service,No internet service,No internet service,No internet service,No internet service,One year,No,Bank transfer (automatic),32.61,1040.54,Yes
3347-OKDQA,Male,0,No,No,3,Yes,No,Fiber optic,No,No,Yes,Yes,Yes,Yes,Month-to-month,No,Electronic check,102.37,302.55,Yes
8957-PKFNI,Male,0,No,No,1,Yes,No,Fiber optic,Yes,Yes,No,Yes,Yes,Yes,Month-to-month,Yes,Mailed check,107.84,113.12,Yes
2965-ATEJS,Female,1,Yes,Yes,62,Yes,Yes,No,No internet service,No internet service,No internet service,No internet service,No internet service,No internet service,Two year,No,Credit card (automatic),35.87,2228.13,No
2887-KZEYL,Female,1,Yes,Yes,26,Yes,Yes,DSL,No,No,No,Yes,No,Yes,Month-to-month,Yes,Electronic check,73.65,1908.78,No
6752-SVVGD,Male,0,Yes,No,11,Yes,Yes,No,No internet service,No internet service,No internet service,No internet service,No internet service,No internet service,Month-to-month,No,Credit card (automatic),35.32,389.79,Yes
6295-WQDBL,Female,0,Yes,Yes,13,Yes,No,No,No internet service,No internet service,No internet service,No internet service,No internet service,No internet service,Month-to-month,Yes,Electronic check,29.84,383.66,Yes
2479-PNMOU,Male,0,Yes,Yes,10,Yes,Yes,No,No internet service,No internet service,No internet service,No internet service,No internet service,No internet service,Month-to-month,No,Credit card (automatic),33.52,343.18,Yes
2381-NEGLL,Male,0,No,No,47,Yes,No,Fiber optic,Yes,No,Yes,No,Yes,No,One year,Yes,Mailed check,92.67,4357.14,Yes
6731-IRRDS,Male,0,No,No,48,Yes,No,No,No internet service,No internet service,No internet service,No internet service,No internet service,No internet service,Two year,No,Electronic check,31.23,1497.51,No
6940-IYITE,Male,1,No,No,22,Yes,Yes,Fiber optic,Yes,No,Yes,No,Yes,Yes,Month-to-month,Yes,Mailed check,107.61,2358.29,Yes
4891-ZPTUG,Male,0,No,No,37,No,No phone service,DSL,Yes,No,No,No,No,No,One year,Yes,Credit card (automatic),52.83,1961.05,No
3267-WBMJY,Male,0,Yes,Yes,1,No,No phone service,Fiber optic,Yes,No,Yes,Yes,No,No,Month-to-month,No,Credit card (automatic),78.27,78.31,Yes
2337-JAYVQ,Male,1,No,No,4,No,No phone service,Fiber optic,No,Yes,No,No,Yes,Yes,Month-to-month,Yes,Mailed check,88.17,353.66,Yes
9647-LUGDG,Female,1,No,No,1,Yes,Yes,No,No internet service,No internet service,No internet service,No internet service,No internet service,No internet service,Month-to-month,No,Mailed check,36.59,32.42,Yes
6780-GKRCZ,Male,0,Yes,Yes,20,Yes,No,DSL,No,No,Yes,No,Yes,No,Month-to-month,Yes,Electronic check,69.86,1401.9,Yes
1726-JIQVR,Female,0,Yes,Yes,63,Yes,No,Fiber optic,Yes,No,Yes,Yes,Yes,Yes,One year,Yes,Bank transfer (automatic),106.58,6724.32,No
5150-AQHWB,Female,0,No,No,35,Yes,No,DSL,No,No,No,Yes,No,No,One year,Yes,Bank transfer (automatic),62.01,2174.89,Yes
3956-OICRH,Female,0,No,No,50,Yes,Yes,DSL,No,No,No,Yes,Yes,No,Two year,Yes,Mailed check,75.76,3780.86,No
8179-ABUJJ,Male,0,No,No,46,No,No phone service,No,No internet service,No internet service,No internet service,No internet service,No internet service,No internet service,Month-to-month,Yes,Electronic check,20.87,960.61,Yes
5566-GCTMK,Male,0,No,No,2,Yes,Yes,DSL,No,No,Yes,Yes,Yes,Yes,Month-to-month,Yes,Credit card (automatic),88.99,184.19,No
6236-RSOHH,Male,0,Yes,No,17,Yes,Yes,Fiber optic,Yes,Yes,Yes,No,Yes,No,Month-to-month,Yes,Bank transfer (automatic),103.34,1766.44,Yes
2412-BKSMK,Female,0,Yes,Yes,54,Yes,Yes,Fiber optic,No,No,No,Yes,Yes,Yes,One year,Yes,Electronic check,103.16,5571.0,Yes
3653-ISIYX,Male,0,No,No,19,Yes,No,DSL,Yes,Yes,Yes,Yes,No,Yes,One year,No,Electronic check,81.41,1555.76,No
5336-QTKQM,Female,0,No,No,9,Yes,No,Fiber optic,No,No,Yes,Yes,Yes,No,Month-to-month,Yes,Credit card (automatic),92.02,830.31,Yes
6231-TWZDJ,Male,0,No,No,7,Yes,No,Fiber optic,Yes,Yes,Yes,Yes,No,No,Month-to-month,No,Credit card (automatic),94.24,666.99,Yes
6364-YSEEZ,Female,0,No,No,6,Yes,Yes,Fiber optic,No,No,Yes,Yes,No,Yes,Month-to-month,Yes,Credit card (automatic),98.99,600.8,Yes
5681-NWLWS,Female,0,No,No,27,Yes,Yes,Fiber optic,No,No,Yes,No,No,No,Month-to-month,No,Electronic check,83.64,2250.21,Yes
6555-OJDPK,Male,1,Yes,No,35,Yes,No,No,No internet service,No internet service,No internet service,No internet service,No internet service,No internet service,One year,Yes,Mailed check,29.64,1039.66,Yes
5902-PNNMO,Female,0,No,No,50,Yes,Yes,Fiber optic,No,No,Yes,No,No,Yes,One year,No,Credit card (automatic),91.85,4595.08,No
7229-DRAYC,Male,0,No,No,45,Yes,Yes,No,No internet service,No internet service,No internet service,No internet service,No internet service,No internet service,Month-to-month,Yes,Credit card (automatic),37.36,1685.92,Yes
3262-NOZMJ,Male,0,No,No,1,Yes,No,DSL,No,Yes,Yes,No,No,Yes,Month-to-month,No,Bank transfer (automatic),74.86,78.96,Yes
9011-IJYUH,Male,0,No,No,26,Yes,No,DSL,No,Yes,No,Yes,No,Yes,Month-to-month,Yes,Credit card (automatic),74.28,1936.23,Yes
9824-HOHCT,Male,0,Yes,No,48,Yes,No,Fiber optic,No,No,Yes,Yes,Yes,Yes,Two year,Yes,Credit card (automatic),101.39,4860.71,No
6262-HBTQG,Male,0,Yes,Yes,39,Yes,Yes,No,No internet service,No internet service,No internet service,No internet service,No internet service,No internet service,One year,No,Credit card (automatic),36.94,1434.39,No
5742-WAOCZ,Female,0,No,No,2,Yes,Yes,Fiber optic,No,No,Yes,Yes,No,Yes,Month-to-month,No,Bank transfer (automatic),99.59,189.46,Yes
5833-OTEWX,Female,0,Yes,Yes,20,Yes,Yes,Fiber optic,No,No,Yes,Yes,No,No,One year,Yes,Bank transfer (automatic),92.77,1851.44,No
1187-GJGRM,Male,0,No,No,29,Yes,No,DSL,No,Yes,Yes,Yes,No,Yes,One year,Yes,Bank transfer (automatic),78.08,2265.3,No
9806-UVTRP,Male,0,No,No,64,Yes,Yes,DSL,Yes,Yes,Yes,Yes,No,No,Two year,Yes,Mailed check,81.58,5220.9,No
8298-VLNLB,Female,0,No,No,33,Yes,No,DSL,No,Yes,Yes,Yes,Yes,No,Month-to-month,Yes,Electronic check,78.71,2588.64,No
8734-AKTTZ,Female,0,No,No,41,Yes,No,No,No internet service,No internet service,No internet service,No internet service,No internet service,No internet service,Month-to-month,Yes,Mailed check,31.27,1279.03,Yes
9802-KDZVT,Female,0,No,No,4,Yes,Yes,DSL,Yes,No,No,Yes,No,Yes,Month-to-month,No,Electronic check,76.16,307.84,Yes
1256-GBPLR,Male,0,Yes,Yes,44,Yes,Yes,No,No internet service,No internet service,No internet service,No internet service,No internet service,No internet service,One year,No,Electronic check,33.7,1492.67,Yes
6224-PUVGW,Male,0,No,No,9,Yes,Yes,DSL,No,No,Yes,No,No,No,Month-to-month,No,Credit card (automatic),63.75,571.28,No
8758-GFWDM,Male,0,No,No,72,Yes,Yes,Fiber optic,No,Yes,No,Yes,No,Yes,Two year,No,Bank transfer (automatic),96.46,6949.61,Yes
5398-JPBBU,Male,0,No,No,1,Yes,Yes,Fiber optic,Yes,Yes,Yes,No,Yes,Yes,Month-to-month,Yes,Mailed check,111.76,117.27,Yes
9743-QIJWM,Female,0,No,No,24,No,No phone service,Fiber optic,No,No,No,Yes,Yes,Yes,Month-to-month,Yes,Credit card (automatic),85.48,2045.44,Yes
5026-MRRGV,Female,0,No,No,50,Yes,No,No,No internet service,No internet service,No internet service,No internet service,No internet service,No internet service,Two year,Yes,Electronic check,30.62,1537.78,Yes
1794-TKVGS,Male,0,No,No,21,Yes,No,Fiber optic,No,Yes,Yes,No,Yes,Yes,Month-to-month,Yes,Bank transfer (automatic),101.68,2131.01,Yes
8054-UXCCD,Male,0,No,No,33,Yes,No,DSL,No,Yes,No,No,No,Yes,Month-to-month,No,Mailed check,67.5,2234.06,Yes
1519-CJOBA,Male,1,No,No,1,Yes,No,DSL,Yes,Yes,Yes,Yes,No,No,Month-to-month,Yes,Electronic check,76.42,72.03,Yes
1539-EWAFD,Female,0,No,No,14,Yes,Yes,Fiber optic,No,No,No,Yes,Yes,No,Month-to-month,Yes,Credit card (automatic),92.16,1281.76,Yes
7499-ZIQUL,Male,0,No,No,4,Yes,No,No,No internet service,No internet service,No internet service,No internet service,No internet service,No internet service,Month-to-month,Yes,Bank transfer (automatic),31.99,132.22,Yes
3526-JUEKJ,Male,1,No,No,46,Yes,No,DSL,Yes,Yes,Yes,Yes,No,No,Month-to-month,Yes,Credit card (automatic),73.52,3373.71,Yes
6315-WAKUS,Male,0,Yes,No,64,Yes,No,DSL,No,No,No,Yes,Yes,Yes,Two year,Yes,Credit card (automatic),75.5,4837.65,No
5040-SMQLD,Male,0,No,No,13,Yes,No,Fiber optic,No,No,No,No,Yes,No,Month-to-month,Yes,Mailed check,83.4,1077.75,Yes
6228-HSMOG,Female,0,No,No,13,Yes,Yes,Fiber optic,Yes,Yes,No,Yes,No,No,Month-to-month,No,Electronic check,97.09,1268.08,Yes
9180-DHGEL,Female,1,No,No,46,Yes,No,DSL,Yes,No,Yes,Yes,Yes,No,One year,Yes,Electronic check,78.82,3628.62,No
6432-ZLAGN,Male,0,No,No,12,Yes,Yes,DSL,No,Yes,No,Yes,No,No,Month-to-month,No,Electronic check,68.58,831.77,Yes
6110-IUNJC,Female,0,No,No,35,Yes,Yes,No,No internet service,No internet service,No internet service,No internet service,No internet service,No internet service,Two year,Yes,Bank transfer (automatic),36.24,1271.94,Yes
4996-NOILM,Female,0,Yes,No,43,Yes,Yes,Fiber optic,Yes,No,No,No,Yes,Yes,One year,Yes,Electronic check,101.89,4387.26,Yes
6993-ILGWN,Female,0,No,No,54,Yes,No,No,No internet service,No internet service,No internet service,No internet service,No internet service,No internet service,Two year,Yes,Credit card (automatic),31.09,1685.13,No
5873-XPRIG,Male,0,Yes,No,57,Yes,Yes,Fiber optic,No,No,Yes,No,Yes,Yes,Two year,Yes,Mailed check,99.94,5703.42,No
6882-YMFJO,Female,0,No,No,57,Yes,No,Fiber optic,No,Yes,Yes,Yes,Yes,No,Two year,Yes,Mailed check,98.69,5618.69,No
9115-OCCUV,Female,0,Yes,No,4,Yes,Yes,DSL,No,Yes,Yes,No,Yes,No,Month-to-month,Yes,Electronic check,78.2,322.68,Yes
4882-FTRWP,Female,0,Yes,No,58,Yes,Yes,No,No internet service,No internet service,No internet service,No internet service,No internet service,No internet service,Two year,Yes,Bank transfer (automatic),35.98,2080.21,No
5794-HGWZR,Male,1,No,No,58,No,No phone service,No,No internet service,No internet service,No internet service,No internet service,No internet service,No internet service,Two year,No,Mailed check,21.51,1240.23,No
6277-VTRMP,Female,0,No,No,43,Yes,Yes,Fiber optic,No,No,No,No,No,No,Month-to-month,Yes,Electronic check,81.65,3510.12,Yes
6869-WUKZV,Female,0,No,No,15,Yes,Yes,Fiber optic,No,No,Yes,Yes,Yes,No,Month-to-month,Yes,Mailed check,98.21,1463.16,No
4314-ZXWHW,Female,1,No,No,31,Yes,No,Fiber optic,Yes,Yes,No,No,Yes,No,One year,No,Electronic check,91.01,2820.85,Yes
4705-NLAID,Female,0,No,No,70,Yes,No,Fiber optic,Yes,Yes,Yes,No,No,No,Two year,Yes,Mailed check,91.21,6388.24,Yes
1138-PEJFT,Female,0,No,No,2,Yes,Yes,DSL,Yes,Yes,Yes,No,No,No,Month-to-month,Yes,Mailed check,74.24,151.37,Yes
5668-URWRH,Male,0,No,No,52,Yes,Yes,DSL,No,No,Yes,Yes,No,Yes,One year,Yes,Electronic check,80.93,4217.04,Yes
7895-JRTYU,Male,0,Yes,Yes,1,Yes,Yes,Fiber optic,No,No,No,No,No,Yes,Month-to-month,No,Mailed check,87.39,83.59,Yes
4329-ZEIPT,Male,0,No,No,32,Yes,Yes,Fiber optic,Yes,Yes,Yes,No,Yes,No,Month-to-month,No,Electronic check,102.55,3286.43,Yes
2956-ADAMJ,Female,0,Yes,No,21,Yes,Yes,Fiber optic,Yes,No,No,No,Yes,No,Month-to-month,No,Electronic check,93.48,1963.3,Yes
3734-JGCOS,Male,0,Yes,Yes,58,Yes,Yes,DSL,Yes,No,No,No,Yes,Yes,Two year,No,Electronic check,81.76,4750.36,No
7870-FGXIV,Female,1,Yes,Yes,8,Yes,Yes,No,No internet service,No internet service,No internet service,No internet service,No internet service,No internet service,Month-to-month,No,Electronic check,37.38,306.36,Yes
6090-IOAFO,Female,0,Yes,Yes,5,Yes,No,Fiber optic,Yes,Yes,Yes,Yes,No,Yes,Month-to-month,Yes,Bank transfer (automatic),104.18,524.77,Yes
6488-ARWSC,Male,0,Yes,No,1,Yes,No,DSL,Yes,Yes,Yes,No,No,No,Month-to-month,No,Electronic check,70.9,71.01,Yes
7461-BOLZG,Female,0,No,No,14,Yes,No,DSL,No,No,No,Yes,Yes,Yes,Month-to-month,Yes,Electronic check,74.78,1040.21,Yes
7660-DJULM,Male,1,No,No,15,Yes,Yes,DSL,Yes,No,Yes,Yes,Yes,No,Month-to-month,Yes,Electronic check,84.39,1261.05,No
1509-YWOOC,Male,0,Yes,Yes,1,Yes,Yes,DSL,Yes,Yes,No,No,Yes,No,Month-to-month,No,Electronic check,76.11,67.4,No
8265-VCWVD,Female,1,No,No,1,Yes,No,Fiber optic,No,Yes,No,No,Yes,No,Month-to-month,Yes,Mailed check,87.37,86.29,Yes
5026-QMWMC,Female,1,Yes,No,6,Yes,Yes,Fiber optic,Yes,No,No,No,No,No,Month-to-month,No,Bank transfer (automatic),84.94,503.24,Yes
4588-AVHVM,Female,0,Yes,No,55,Yes,Yes,Fiber optic,No,Yes,Yes,No,No,Yes,Two year,Yes,Bank transfer (automatic),100.03,5505.6,No
1462-SJODY,Female,0,Yes,Yes,27,Yes,Yes,DSL,Yes,Yes,No,Yes,No,Yes,One year,No,Bank transfer (automatic),84.58,2292.04,No
6301-BDSDC,Female,0,No,No,13,Yes,No,Fiber optic,Yes,No,No,No,Yes,Yes,Month-to-month,No,Credit card (automatic),97.96,1282.69,Yes
3854-SOXPJ,Male,0,No,No,19,Yes,Yes,DSL,No,Yes,Yes,No,Yes,Yes,Month-to-month,No,Mailed check,85.66,1619.1,Yes
6234-EXCSQ,Female,0,No,No,45,Yes,Yes,Fiber optic,No,No,Yes,Yes,Yes,No,Two year,Yes,Credit card (automatic),100.85,4545.94,No
7204-JJVUP,Male,0,Yes,No,10,Yes,Yes,DSL,No,No,Yes,Yes,No,Yes,Month-to-month,No,Mailed check,79.66,797.54,No
2525-IZXSL,Male,0,No,No,6,Yes,Yes,DSL,No,Yes,Yes,No,No,No,Month-to-month,Yes,Electronic check,68.25,410.94,No
3516-BACVQ,Female,0,Yes,Yes,1,Yes,Yes,No,No internet service,No internet service,No internet service,No internet service,No internet service,No internet service,Month-to-month,Yes,Electronic check,34.54,32.49,Yes
5341-COEXJ,Female,1,No,No,47,Yes,Yes,Fiber optic,No,Yes,Yes,Yes,Yes,No,One year,No,Credit card (automatic),105.85,4976.74,Yes
7342-VKNWM,Male,0,Yes,Yes,10,Yes,Yes,Fiber optic,Yes,Yes,No,Yes,Yes,Yes,Month-to-month,No,Mailed check,109.21,1083.67,Yes
4308-ZQVGX,Male,1,No,No,4,Yes,No,Fiber optic,No,Yes,No,Yes,No,Yes,Month-to-month,Yes,Electronic check,95.62,383.73,Yes
5687-WWWGR,Female,1,No,No,12,Yes,No,No,No internet service,No internet service,No internet service,No internet service,No internet service,No internet service,One year,Yes,Bank transfer (automatic),31.45,368.39,Yes
5400-XAVHH,Female,0,Yes,No,30,Yes,No,DSL,No,No,No,No,Yes,Yes,One year,Yes,Credit card (automatic),72.7,2186.19,No
1920-NEIND,Male,0,Yes,No,2,Yes,No,DSL,Yes,No,Yes,No,No,No,Month-to-month,Yes,Electronic check,66.41,127.66,Yes
8308-EWPJE,Female,0,Yes,Yes,49,Yes,Yes,DSL,Yes,Yes,Yes,Yes,No,No,Two year,Yes,Electronic check,80.37,3930.78,No
1138-FPYSS,Female,0,No,No,61,Yes,No,DSL,No,Yes,No,No,No,Yes,Two year,Yes,Bank transfer (automatic),68.81,4199.29,No
2771-MIHIH,Female,0,Yes,No,54,Yes,No,No,No internet service,No internet service,No internet service,No internet service,No internet service,No internet service,Two year,No,Mailed check,31.61,1710.05,No
5250-XKTPZ,Male,0,Yes,No,28,Yes,No,No,No internet service,No internet service,No internet service,No internet service,No internet service,No internet service,One year,No,Bank transfer (automatic),30.54,862.03,No
3967-HMTSO,Male,0,No,No,20,Yes,Yes,DSL,No,Yes,No,No,No,No,Month-to-month,Yes,Bank transfer (automatic),65.32,1298.76,Yes
2166-MFDRN,Female,1,Yes,Yes,7,Yes,No,Fiber optic,No,Yes,No,Yes,Yes,No,Month-to-month,Yes,Mailed check,92.57,639.15,Yes
4430-TETMT,Male,1,No,No,31,Yes,No,DSL,No,No,No,Yes,Yes,Yes,One year,No,Electronic check,78.46,2437.4,No
1293-RQGSI,Male,1,No,No,10,Yes,Yes,DSL,No,No,No,No,No,Yes,Month-to-month,Yes,Credit card (automatic),67.8,671.77,No
7609-AFZFA,Male,1,Yes,Yes,2,Yes,Yes,DSL,Yes,Yes,Yes,Yes,Yes,No,Month-to-month,Yes,Electronic check,88.74,176.97,Yes
1152-HRRHP,Male,0,Yes,No,44,Yes,No,Fiber optic,Yes,Yes,No,Yes,Yes,No,One year,No,Mailed check,97.79,4300.96,Yes
9980-MFYIA,Male,0,No,No,6,Yes,Yes,No,No internet service,No internet service,No internet service,No internet service,No internet service,No internet service,Month-to-month,No,Electronic check,36.62,211.75,Yes
4787-LZGBV,Male,0,No,No,56,Yes,No,DSL,No,Yes,Yes,Yes,Yes,Yes,Two year,No,Mailed check,85.64,4803.73,No
5395-WCVEK,Female,0,No,No,18,Yes,No,Fiber optic,No,Yes,Yes,Yes,Yes,Yes,Month-to-month,Yes,Credit card (automatic),108.01,1947.75,Yes
7221-UPWWS,Male,0,No,No,56,Yes,No,DSL,No,Yes,Yes,No,No,Yes,Two year,No,Mailed check,75.89,4253.24,No
9570-RQLSM,Female,1,Yes,Yes,51,No,No phone service,Fiber optic,No,No,Yes,Yes,No,No,Two year,Yes,Bank transfer (automatic),73.25,3730.2,No
7607-VCLOC,Female,0,Yes,No,58,Yes,Yes,Fiber optic,Yes,No,No,Yes,Yes,Yes,Two year,No,Bank transfer (automatic),108.45,6291.35,No
8474-YJBFL,Female,0,No,No,8,Yes,Yes,DSL,Yes,Yes,Yes,No,No,No,Month-to-month,Yes,Bank transfer (automatic),76.51,603.0,Yes
3301-VTKGF,Male,0,No,No,16,Yes,Yes,No,No internet service,No internet service,No internet service,No internet service,No internet service,No internet service,One year,No,Electronic check,36.79,579.57,No
3018-ULRYD,Female,1,Yes,No,10,Yes,No,No,No internet service,No internet service,No internet service,No internet service,No internet service,No internet service,Month-to-month,No,Mailed check,31.46,308.07,No
2696-KPWNK,Male,0,No,No,57,No,No phone service,Fiber optic,No,Yes,Yes,No,No,No,Two year,No,Mailed check,74.0,4220.48,No
6657-XDSZE,Female,0,No,No,50,Yes,No,Fiber optic,No,No,Yes,Yes,Yes,No,Two year,Yes,Electronic check,92.0,4605.0,Yes
5695-RDBUF,Male,0,No,No,35,Yes,Yes,DSL,No,Yes,No,Yes,No,No,One year,Yes,Bank transfer (automatic),72.83,2540.13,No
4327-QUWVX,Female,0,Yes,No,25,No,No phone service,DSL,No,No,Yes,Yes,Yes,Yes,One year,No,Electronic check,70.89,1770.82,Yes
3131-EVAMY,Male,1,No,No,59,Yes,No,Fiber optic,No,No,Yes,No,Yes,Yes,Two year,Yes,Mailed check,96.08,5669.46,Yes
4624-WRIHY,Female,0,Yes,Yes,3,Yes,Yes,Fiber optic,Yes,Yes,No,No,Yes,No,Month-to-month,Yes,Bank transfer (automatic),96.12,288.7,Yes
9426-ULBXF,Male,0,Yes,No,51,Yes,Yes,Fiber optic,Yes,Yes,Yes,No,Yes,Yes,One year,Yes,Credit card (automatic),112.23,5732.53,No
3519-ASABE,Female,0,Yes,No,5,Yes,No,DSL,No,No,No,Yes,No,Yes,Month-to-month,Yes,Electronic check,69.78,350.61,Yes
2189-JNHRP,Female,0,No,No,8,Yes,Yes,No,No internet service,No internet service,No internet service,No internet service,No internet service,No internet service,Month-to-month,Yes,Mailed check,33.68,267.26,No
9941-HQHXZ,Female,0,Yes,No,12,Yes,Yes,Fiber optic,Yes,Yes,No,Yes,No,Yes,Month-to-month,No,Bank transfer (automatic),102.06,1232.83,No
3333-EFVFE,Male,0,No,No,55,Yes,Yes,No,No internet service,No internet service,No internet service,No internet service,No internet service,No internet service,Two year,Yes,Electronic check,34.25,1877.7,No
6420-JRGHB,Male,0,No,No,60,Yes,No,Fiber optic,Yes,No,No,No,Yes,Yes,Two year,Yes,Mailed check,97.56,5856.42,No
6889-DTWMJ,Female,0,Yes,Yes,21,Yes,No,Fiber optic,Yes,Yes,No,Yes,Yes,Yes,One year,No,Electronic check,108.06,2270.84,No
4485-XOOZM,Male,0,Yes,No,56,Yes,No,Fiber optic,Yes,No,Yes,No,No,Yes,Two year,No,Mailed check,94.79,5301.05,Yes
3395-TMJFM,Male,0,Yes,Yes,1,Yes,No,DSL,No,No,No,Yes,Yes,No,Month-to-month,Yes,Bank transfer (automatic),70.17,65.44,Yes
3848-JJPXC,Female,0,Yes,No,63,Yes,No,No,No internet service,No internet service,No internet service,No internet service,No internet service,No internet service,Two year,Yes,Credit card (automatic),32.44,2033.85,No
8207-ECQFE,Female,0,Yes,No,5,Yes,No,Fiber optic,Yes,No,No,No,Yes,Yes,Month-to-month,No,Credit card (automatic),94.11,461.41,Yes
3639-DNXDE,Male,0,No,No,2,Yes,Yes,DSL,No,Yes,Yes,No,No,No,Month-to-month,Yes,Credit card (automatic),71.0,147.89,No
3979-QNERX,Male,0,No,No,7,Yes,Yes,No,No internet service,No internet service,No internet service,No internet service,No internet service,No internet service,Month-to-month,Yes,Credit card (automatic),37.13,262.02,Yes
1639-WNTCR,Male,0,No,No,12,Yes,No,DSL,Yes,No,Yes,No,No,No,One year,Yes,Electronic check,65.13,776.65,No
2373-HWKES,Male,0,Yes,No,60,Yes,Yes,DSL,No,No,No,Yes,Yes,No,Two year,No,Bank transfer (automatic),72.31,4339.32,No
5514-ZKFOO,Male,0,No,No,53,Yes,No,Fiber optic,No,No,Yes,Yes,Yes,No,Two year,No,Mailed check,91.5,4849.67,No
1852-EZACD,Female,1,No,No,36,Yes,Yes,DSL,Yes,No,No,No,Yes,Yes,One year,No,Credit card (automatic),79.05,2852.81,No
9489-HAPNG,Male,0,No,No,1,Yes,Yes,Fiber optic,Yes,Yes,No,No,No,No,Month-to-month,Yes,Mailed check,90.59,95.33,Yes
2477-OSOPJ,Female,0,Yes,Yes,51,Yes,Yes,Fiber optic,No,Yes,No,Yes,Yes,No,One year,Yes,Electronic check,100.01,5109.64,No
5098-SZOUT,Female,0,Yes,Yes,11,Yes,No,DSL,Yes,Yes,No,No,No,Yes,Month-to-month,No,Bank transfer (automatic),72.24,786.5,Yes
6603-BYMJX,Female,0,Yes,Yes,52,Yes,Yes,Fiber optic,No,Yes,Yes,Yes,Yes,No,Two year,Yes,Electronic check,101.6,5274.77,No
9071-PTOBM,Female,0,No,No,1,Yes,No,DSL,No,Yes,Yes,Yes,No,No,Month-to-month,No,Electronic check,70.51,68.38,Yes
3863-LDNIA,Male,0,Yes,Yes,33,Yes,No,DSL,Yes,No,Yes,No,No,No,One year,Yes,Credit card (automatic),65.12,2147.34,No
6981-WHEDO,Male,0,No,No,15,Yes,No,DSL,No,Yes,Yes,Yes,No,Yes,Month-to-month,Yes,Credit card (automatic),76.67,1157.92,No
9748-SUHOO,Female,1,Yes,Yes,14,Yes,No,DSL,Yes,No,No,No,No,No,Month-to-month,Yes,Bank transfer (automatic),59.72,834.32,Yes
4259-OQNZH,Female,0,No,No,3,Yes,No,Fiber optic,Yes,No,No,No,Yes,Yes,Month-to-month,No,Bank transfer (automatic),96.11,290.58,Yes
2168-CIIQS,Female,0,No,No,15,Yes,No,DSL,No,No,Yes,Yes,Yes,Yes,Month-to-month,No,Bank transfer (automatic),83.7,1259.51,Yes
3734-KCYMB,Female,0,Yes,Yes,31,Yes,Yes,DSL,No,No,Yes,Yes,No,No,Month-to-month,No,Mailed check,70.63,2182.94,Yes
6846-WIMZO,Female,0,Yes,No,72,Yes,Yes,No,No internet service,No internet service,No internet service,No internet service,No internet service,No internet service,Two year,Yes,Credit card (automatic),36.16,2606.24,No
9576-QNXMF,Male,0,No,No,12,Yes,Yes,DSL,No,Yes,Yes,Yes,No,No,Month-to-month,Yes,Electronic check,76.44,917.12,No
5908-ALHGA,Female,0,No,No,49,Yes,Yes,Fiber optic,No,No,Yes,No,Yes,No,One year,No,Bank transfer (automatic),92.42,4533.44,No
7765-EBDCL,Female,0,No,No,41,Yes,Yes,Fiber optic,Yes,Yes,Yes,Yes,Yes,No,Month-to-month,Yes,Credit card (automatic),109.64,4489.9,Yes
9086-FKUMJ,Male,0,Yes,Yes,54,Yes,Yes,Fiber optic,No,Yes,Yes,No,No,Yes,Two year,Yes,Mailed check,97.92,5297.18,Yes
1549-FTCRF,Female,0,No,No,2,No,No phone service,No,No internet service,No internet service,No internet service,No internet service,No internet service,No internet service,Month-to-month,Yes,Electronic check,21.72,44.43,Yes
8884-QFXWF,Male,0,No,No,42,Yes,Yes,DSL,No,Yes,No,Yes,Yes,Yes,Two year,Yes,Credit card (automatic),87.44,3665.58,No
5075-ECQYZ,Male,1,Yes,No,34,Yes,Yes,DSL,No,Yes,No,No,No,Yes,Month-to-month,Yes,Credit card (automatic),72.79,2467.55,No
8951-SOOMO,Female,0,No,No,41,Yes,Yes,Fiber optic,Yes,Yes,No,No,No,No,One year,Yes,Credit card (automatic),91.67,3766.13,No
6965-UGSRO,Female,0,No,No,2,Yes,Yes,No,No internet service,No internet service,No internet service,No internet service,No internet service,No internet service,Month-to-month,No,Bank transfer (automatic),35.05,66.54,Yes
2092-BYEAC,Male,1,No,No,71,Yes,No,Fiber optic,Yes,No,Yes,Yes,Yes,Yes,Two year,No,Electronic check,106.34,7552.92,Yes
7814-VUBQN,Male,0,Yes,No,34,No,No phone service,Fiber optic,Yes,Yes,Yes,No,Yes,Yes,Month-to-month,Yes,Mailed check,96.85,3301.85,Yes
7802-TTORS,Female,0,Yes,No,2,Yes,No,Fiber optic,Yes,No,No,No,No,No,Month-to-month,Yes,Credit card (automatic),82.13,160.73,Yes
9939-FTYGZ,Female,0,Yes,No,12,No,No phone service,DSL,Yes,Yes,No,Yes,No,Yes,Month-to-month,Yes,Bank transfer (automatic),66.11,799.76,No
5521-XNOOC,Female,0,Yes,Yes,17,Yes,Yes,DSL,Yes,No,No,Yes,No,Yes,Month-to-month,No,Bank transfer (automatic),79.96,1352.78,No
2562-PHTOC,Male,0,No,No,59,Yes,No,No,No internet service,No internet service,No internet service,No internet service,No internet service,No internet service,One year,Yes,Electronic check,32.35,1903.18,No
1187-QQBNI,Male,0,Yes,Yes,42,Yes,No,DSL,No,Yes,Yes,No,No,No,One year,Yes,Bank transfer (automatic),63.41,2664.65,Yes
7540-GKLST,Female,0,No,No,12,Yes,Yes,DSL,Yes,Yes,Yes,No,No,No,Month-to-month,No,Electronic check,73.56,880.99,Yes
4120-IPAHZ,Female,0,No,No,18,Yes,Yes,Fiber optic,Yes,No,Yes,Yes,Yes,Yes,Month-to-month,Yes,Mailed check,113.34,2046.52,Yes
2823-HMITF,Female,0,Yes,No,16,Yes,No,No,No internet service,No internet service,No internet service,No internet service,No internet service,No internet service,One year,Yes,Electronic check,29.28,459.68,Yes
5444-BRAKH,Female,0,Yes,Yes,44,Yes,No,Fiber optic,Yes,No,Yes,No,No,Yes,Two year,Yes,Credit card (automatic),93.8,4131.45,Yes
9673-HMTAR,Female,0,Yes,No,1,No,No phone service,No,No internet service,No internet service,No internet service,No internet service,No internet service,No internet service,Month-to-month,Yes,Electronic check,21.13,28.7,No
1482-YYFIK,Male,1,No,No,28,Yes,Yes,Fiber optic,No,Yes,Yes,No,No,No,Month-to-month,Yes,Mailed check,89.03,2485.61,Yes
4314-WISND,Male,0,Yes,Yes,67,Yes,Yes,No,No internet service,No internet service,No internet service,No internet service,No internet service,No internet service,Two year,Yes,Mailed check,36.64,2460.19,No
7783-YHTVQ,Female,1,Yes,Yes,9,Yes,No,DSL,Yes,Yes,Yes,Yes,No,Yes,Month-to-month,No,Credit card (automatic),81.67,741.95,Yes
7126-EKMEF,Female,0,Yes,No,16,No,No phone service,DSL,Yes,Yes,Yes,Yes,Yes,No,Month-to-month,No,Credit card (automatic),74.44,1198.38,No
8005-KBTJI,Male,0,No,No,66,Yes,Yes,No,No internet service,No internet service,No internet service,No internet service,No internet service,No internet service,Two year,No,Mailed check,35.59,2346.85,No
7347-NQBHK,Female,0,No,No,24,Yes,No,DSL,No,Yes,Yes,No,No,Yes,Month-to-month,No,Electronic check,71.9,1727.31,No
9952-DKLEP,Male,0,Yes,Yes,1,Yes,Yes,Fiber optic,Yes,Yes,Yes,No,No,Yes,Month-to-month,Yes,Credit card (automatic),104.63,114.13,Yes
3619-JJTXO,Male,0,Yes,Yes,18,Yes,No,DSL,No,No,No,No,Yes,Yes,Month-to-month,No,Mailed check,69.02,1247.67,Yes
9153-WOAWG,Female,0,No,No,35,Yes,Yes,DSL,Yes,No,Yes,Yes,Yes,Yes,Two year,Yes,Bank transfer (automatic),89.18,3128.38,No
5889-ICCZE,Female,0,Yes,No,38,Yes,No,DSL,Yes,Yes,No,No,No,No,One year,No,Credit card (automatic),67.22,2545.66,No
2999-SHNNS,Male,1,Yes,Yes,55,Yes,No,No,No internet service,No internet service,No internet service,No internet service,No internet service,No internet service,Two year,Yes,Bank transfer (automatic),29.3,1613.0,No
3125-PMSMV,Male,0,Yes,Yes,9,Yes,Yes,Fiber optic,Yes,No,No,Yes,No,No,Month-to-month,Yes,Mailed check,88.06,786.56,Yes
2111-INIAR,Female,0,Yes,No,38,Yes,No,Fiber optic,No,No,Yes,Yes,No,Yes,Two year,No,Bank transfer (automatic),93.31,3552.06,No
1917-VHSIN,Male,0,No,No,1,Yes,No,Fiber optic,Yes,Yes,No,Yes,No,No,Month-to-month,No,Mailed check,90.85,88.64,Yes
6050-SIAKM,Male,0,No,No,1,Yes,No,DSL,Yes,Yes,No,Yes,Yes,Yes,Month-to-month,Yes,Electronic check,88.0,96.1,Yes
6572-YTNUD,Male,0,Yes,Yes,35,Yes,No,Fiber optic,Yes,Yes,No,Yes,Yes,No,Two year,Yes,Electronic check,96.52,3383.52,No
1368-PIXIF,Female,0,No,No,41,Yes,No,No,No internet service,No internet service,No internet service,No internet service,No internet service,No internet service,Month-to-month,Yes,Bank transfer (automatic),28.57,1180.54,No
2677-FJIDS,Female,0,Yes,Yes,46,Yes,No,No,No internet service,No internet service,No internet service,No internet service,No internet service,No internet service,Two year,Yes,Electronic check,28.65,1317.31,No
2735-JCKSX,Female,0,No,No,66,Yes,Yes,DSL,Yes,No,Yes,Yes,No,Yes,Month-to-month,Yes,Credit card (automatic),83.35,5510.05,Yes
5227-XKSRU,Female,0,Yes,Yes,66,Yes,No,Fiber optic,No,Yes,No,No,Yes,Yes,Two year,Yes,Electronic check,95.63,6314.57,No
9728-LPGGE,Female,0,No,No,2,Yes,No,DSL,No,No,Yes,Yes,Yes,No,Month-to-month,Yes,Credit card (automatic),72.63,137.21,Yes
6046-YBCVU,Female,0,Yes,Yes,1,Yes,Yes,No,No internet service,No internet service,No internet service,No internet service,No internet service,No internet service,Month-to-month,No,Mailed check,35.26,31.09,No
8326-FRIOX,Female,0,No,No,51,Yes,No,Fiber optic,Yes,Yes,No,Yes,No,Yes,Two year,Yes,Electronic check,96.0,4897.2,No
2797-WWGSK,Female,0,No,No,39,Yes,Yes,DSL,Yes,No,Yes,Yes,No,No,One year,No,Mailed check,74.44,2910.61,Yes
1190-BASML,Male,1,No,No,10,Yes,No,Fiber optic,Yes,No,No,No,No,No,Month-to-month,Yes,Credit card (automatic),81.02,811.76,No
4878-SHYOA,Male,0,No,No,56,Yes,No,DSL,Yes,Yes,No,No,Yes,Yes,Two year,Yes,Electronic check,82.42,4616.3,No
1864-XNALX,Female,0,No,No,48,Yes,Yes,DSL,No,No,Yes,No,Yes,Yes,One year,No,Bank transfer (automatic),83.04,3988.41,Yes
2351-DBUGQ,Female,0,Yes,No,17,Yes,Yes,Fiber optic,No,No,Yes,No,Yes,No,Month-to-month,Yes,Electronic check,92.71,1567.76,Yes
3525-VTKJR,Male,0,No,No,3,Yes,No,Fiber optic,Yes,Yes,Yes,No,No,No,Month-to-month,Yes,Mailed check,89.9,273.81,Yes
3378-NLHUJ,Female,0,Yes,Yes,24,Yes,No,No,No internet service,No internet service,No internet service,No internet service,No internet service,No internet service,One year,No,Credit card (automatic),31.05,748.24,Yes
5429-GCRKU,Male,0,Yes,No,21,Yes,Yes,DSL,No,Yes,Yes,Yes,Yes,No,One year,Yes,Electronic check,84.43,1770.06,No
5127-FACYR,Male,0,Yes,No,38,Yes,Yes,No,No internet service,No internet service,No internet service,No internet service,No internet service,No internet service,One year,Yes,Mailed check,37.48,1428.15,Yes
8650-RBLZU,Female,0,Yes,Yes,62,Yes,No,Fiber optic,No,Yes,No,No,Yes,No,Two year,Yes,Mailed check,89.05,,No
3357-OLPCL,Female,1,Yes,Yes,53,Yes,No,DSL,Yes,No,Yes,Yes,Yes,No,One year,Yes,Bank transfer (automatic),80.52,4269.05,No
9039-MKSVB,Male,1,No,No,24,Yes,No,DSL,No,No,No,Yes,Yes,No,One year,Yes,Bank transfer (automatic),66.4,1592.79,No
4327-EBJES,Male,0,No,No,1,Yes,No,DSL,Yes,Yes,Yes,Yes,Yes,Yes,Month-to-month,Yes,Electronic check,92.96,95.83,Yes
8361-ZAIIS,Female,1,No,No,35,No,No phone service,DSL,Yes,Yes,Yes,Yes,Yes,No,One year,No,Credit card (automatic),75.54,2646.27,Yes
3138-AQXVC,Male,0,Yes,No,52,Yes,No,DSL,Yes,Yes,Yes,No,No,No,One year,Yes,Mailed check,69.61,3629.01,Yes
1746-PIDDK,Female,0,No,No,41,Yes,Yes,Fiber optic,Yes,Yes,No,Yes,Yes,No,One year,Yes,Electronic check,101.9,4169.68,No
5648-KUUSF,Female,0,No,No,37,Yes,Yes,DSL,Yes,Yes,No,Yes,No,No,One year,Yes,Mailed check,73.96,2746.25,No
6929-WZNMQ,Male,0,Yes,Yes,17,Yes,No,DSL,No,Yes,Yes,Yes,Yes,No,Month-to-month,Yes,Credit card (automatic),77.26,1315.76,No
8424-BTYEU,Female,0,Yes,No,46,Yes,No,DSL,No,Yes,No,Yes,Yes,No,One year,Yes,Mailed check,74.69,3443.14,Yes
4615-BPBLF,Female,0,No,No,1,Yes,Yes,DSL,No,No,Yes,No,Yes,Yes,Month-to-month,No,Electronic check,80.4,72.62,Yes
7852-EIXPU,Male,0,Yes,Yes,20,Yes,No,Fiber optic,Yes,No,No,No,Yes,No,Month-to-month,No,Mailed check,87.24,1743.48,Yes
3440-XXKBZ,Male,0,No,No,50,Yes,Yes,Fiber optic,No,No,Yes,Yes,Yes,No,Two year,No,Mailed check,97.79,4884.28,No
1260-MHSWT,Male,0,No,No,53,Yes,No,Fiber optic,Yes,No,No,Yes,Yes,No,Two year,No,Bank transfer (automatic),93.65,4959.38,No
9887-OFRQI,Male,0,No,No,42,Yes,Yes,DSL,No,No,No,Yes,No,No,Month-to-month,Yes,Electronic check,65.8,2769.07,Yes
6487-GCMYP,Male,0,Yes,Yes,40,Yes,No,Fiber optic,No,Yes,Yes,No,No,No,Month-to-month,Yes,Electronic check,85.35,3414.64,No
5788-LJRSZ,Male,0,No,No,57,Yes,No,Fiber optic,Yes,No,Yes,Yes,Yes,No,Month-to-month,Yes,Mailed check,98.48,5620.86,Yes
1371-HZODJ,Female,0,Yes,Yes,47,Yes,Yes,DSL,No,No,No,No,No,No,Two year,Yes,Mailed check,62.49,2933.16,No
4715-MZUBJ,Female,0,Yes,No,46,Yes,Yes,Fiber optic,Yes,Yes,Yes,Yes,Yes,No,One year,Yes,Credit card (automatic),107.3,4929.49,No
1568-RZDLZ,Female,1,Yes,Yes,57,Yes,Yes,Fiber optic,No,No,Yes,Yes,No,No,Two year,Yes,Bank transfer (automatic),92.85,5297.53,No
3409-USXIC,Female,0,Yes,No,40,Yes,Yes,Fiber optic,No,Yes,No,No,Yes,No,One year,Yes,Mailed check,93.92,3751.24,No
5553-FCWRY,Female,0,No,No,1,Yes,Yes,No,No internet service,No internet service,No internet service,No internet service,No internet service,No internet service,Month-to-month,No,Bank transfer (automatic),34.99,39.31,Yes
7326-JHJZW,Male,0,No,No,1,Yes,No,DSL,No,No,Yes,No,No,Yes,Month-to-month,No,Electronic check,66.72,62.78,No
9606-ZBYTC,Female,0,No,No,18,Yes,No,Fiber optic,Yes,Yes,Yes,No,No,No,One year,Yes,Bank transfer (automatic),92.17,1655.14,Yes
8593-FUEHQ,Female,1,No,No,12,Yes,No,DSL,Yes,Yes,Yes,No,No,Yes,Month-to-month,Yes,Bank transfer (automatic),78.91,948.23,No
8799-ZVJTA,Female,0,Yes,Yes,1,Yes,Yes,DSL,No,Yes,Yes,No,No,No,Month-to-month,No,Bank transfer (automatic),68.24,64.07,Yes
2258-NTECT,Female,0,No,No,9,Yes,No,Fiber optic,Yes,No,Yes,Yes,Yes,No,Month-to-month,Yes,Credit card (automatic),98.06,890.96,Yes
4569-EFEXP,Male,0,Yes,Yes,44,Yes,Yes,Fiber optic,No,No,No,No,Yes,No,Two year,No,Bank transfer (automatic),86.86,3817.93,No
2943-FWDFD,Male,0,No,No,3,Yes,Yes,No,No internet service,No internet service,No internet service,No internet service,No internet service,No internet service,Month-to-month,Yes,Credit card (automatic),36.79,101.22,Yes
9412-PMXBH,Male,0,Yes,No,9,Yes,Yes,Fiber optic,Yes,No,Yes,Yes,Yes,No,Month-to-month,No,Bank transfer (automatic),102.76,931.94,Yes
4962-NBVTN,Male,0,Yes,No,5,Yes,Yes,Fiber optic,Yes,No,No,Yes,No,Yes,Month-to-month,Yes,Bank transfer (automatic),100.91,503.03,Yes
7677-CZDCD,Female,0,Yes,Yes,6,Yes,No,DSL,No,No,No,No,Yes,No,Month-to-month,Yes,Credit card (automatic),61.94,363.03,No
8793-YJARR,Female,0,Yes,Yes,11,Yes,Yes,Fiber optic,Yes,Yes,No,Yes,No,Yes,Month-to-month,Yes,Credit card (automatic),101.61,1124.47,Yes
5563-TTPTU,Female,0,No,No,50,No,No phone service,DSL,No,Yes,No,Yes,Yes,No,Two year,Yes,Mailed check,64.14,3199.69,Yes
1865-VMAEP,Female,1,Yes,No,56,Yes,No,No,No internet service,No internet service,No internet service,No internet service,No internet service,No internet service,One year,No,Mailed check,29.47,1650.28,No
9887-IWOYA,Female,0,Yes,Yes,28,Yes,No,No,No internet service,No internet service,No internet service,No internet service,No internet service,No internet service,One year,Yes,Electronic check,28.16,789.61,No
5965-XELIK,Male,0,No,No,31,Yes,No,Fiber optic,No,Yes,Yes,No,No,No,Month-to-month,Yes,Credit card (automatic),86.08,2665.54,No
6250-BPDJV,Male,0,No,No,50,Yes,No,Fiber optic,No,No,No,No,Yes,Yes,One year,Yes,Bank transfer (automatic),91.96,4606.21,Yes
5995-CENAR,Female,0,No,No,3,Yes,No,DSL,Yes,No,No,No,No,Yes,Month-to-month,No,Electronic check,69.45,202.47,Yes
6563-EHZFQ,Male,0,Yes,Yes,44,Yes,No,No,No internet service,No internet service,No internet service,No internet service,No internet service,No internet service,Two year,No,Electronic check,31.59,1391.52,No
5478-BUMFU,Female,0,No,No,70,Yes,No,Fiber optic,Yes,No,No,No,No,Yes,One year,No,Mailed check,88.88,6215.86,No
8656-GQVWX,Male,0,No,No,72,Yes,Yes,No,No internet service,No internet service,No internet service,No internet service,No internet service,No internet service,Month-to-month,Yes,Bank transfer (automatic),37.22,2678.05,No
2055-QVGHE,Male,0,Yes,Yes,41,Yes,No,DSL,No,No,No,No,Yes,Yes,One year,Yes,Mailed check,69.15,2840.94,Yes
3883-QBSUB,Male,0,No,No,33,Yes,No,Fiber optic,No,Yes,No,Yes,Yes,Yes,One year,Yes,Electronic check,101.61,3359.71,No
9605-GWGDU,Female,0,No,No,61,Yes,Yes,DSL,No,Yes,Yes,Yes,Yes,Yes,Month-to-month,No,Credit card (automatic),91.04,5560.7,Yes
9740-JYILR,Female,0,Yes,Yes,39,Yes,No,Fiber optic,Yes,Yes,Yes,Yes,No,No,Two year,Yes,Bank transfer (automatic),97.52,3806.98,No
4872-WKXKZ,Female,0,Yes,Yes,28,Yes,Yes,No,No internet service,No internet service,No internet service,No internet service,No internet service,No internet service,Month-to-month,No,Bank transfer (automatic),37.4,1052.53,Yes
1555-HCUMT,Female,0,Yes,No,28,Yes,Yes,No,No internet service,No internet service,No internet service,No internet service,No internet service,No internet service,One year,Yes,Bank transfer (automatic),35.27,978.11,Yes
4010-QUDKQ,Female,0,Yes,Yes,19,Yes,Yes,Fiber optic,No,No,No,No,Yes,No,One year,Yes,Bank transfer (automatic),90.0,1703.97,Yes
3980-KJVOA,Male,0,Yes,No,48,No,No phone service,DSL,Yes,No,Yes,Yes,No,No,Two year,No,Mailed check,58.45,2802.96,No
2922-ANUYV,Female,1,Yes,Yes,3,Yes,No,No,No internet service,No internet service,No internet service,No internet service,No internet service,No internet service,Month-to-month,Yes,Credit card (automatic),29.91,88.36,Yes
4531-ZHRKK,Male,1,No,No,10,Yes,No,Fiber optic,Yes,No,No,Yes,Yes,No,Month-to-month,Yes,Bank transfer (automatic),95.87,956.65,Yes
7283-STGCB,Female,0,No,No,48,No,No phone service,DSL,Yes,Yes,No,No,No,No,Month-to-month,No,Mailed check,57.84,2777.51,Yes
5264-EMIMC,Female,1,Yes,Yes,48,No,No phone service,DSL,No,No,No,No,No,No,One year,No,Bank transfer (automatic),45.58,2186.56,Yes
9049-TDWRU,Male,0,Yes,Yes,39,Yes,No,DSL,Yes,No,No,Yes,No,Yes,Two year,Yes,Credit card (automatic),73.29,2850.56,No
3425-DCWEE,Female,0,Yes,No,10,No,No phone service,DSL,Yes,No,Yes,Yes,No,Yes,Month-to-month,No,Electronic check,67.42,683.83,Yes
7120-PYVDC,Female,0,No,No,13,Yes,Yes,Fiber optic,No,Yes,No,No,Yes,Yes,Month-to-month,No,Bank transfer (automatic),100.62,1299.17,Yes
7248-CGGUK,Male,0,Yes,Yes,2,Yes,Yes,DSL,Yes,No,No,No,No,Yes,Month-to-month,Yes,Electronic check,75.16,150.57,Yes
7358-MOKTV,Male,0,No,No,26,Yes,No,No,No internet service,No internet service,No internet service,No internet service,No internet service,No internet service,Month-to-month,No,Mailed check,31.24,816.51,No
9638-QNHLX,Female,0,Yes,No,31,Yes,Yes,DSL,No,No,Yes,Yes,Yes,Yes,One year,Yes,Credit card (automatic),84.47,2621.79,No
5151-JPTAT,Female,0,Yes,No,1,Yes,No,Fiber optic,No,No,No,No,No,No,Month-to-month,No,Mailed check,74.06,65.62,No
5248-WCNAD,Male,0,No,No,44,Yes,No,DSL,No,No,No,No,Yes,Yes,Two year,Yes,Mailed check,69.56,3050.96,No
1439-FQQLQ,Male,1,No,No,60,Yes,No,No,No internet service,No internet service,No internet service,No internet service,No internet service,No internet service,Month-to-month,Yes,Mailed check,32.51,1955.38,No
8947-MWPFO,Female,1,Yes,Yes,42,Yes,No,Fiber optic,No,No,No,Yes,No,No,Month-to-month,Yes,Credit card (automatic),79.16,3315.93,Yes
6174-OGQXD,Female,0,No,No,9,Yes,No,Fiber optic,Yes,No,No,No,Yes,Yes,Month-to-month,Yes,Bank transfer (automatic),98.61,894.56,Yes
8675-DHSYV,Female,0,Yes,No,1,Yes,Yes,DSL,No,Yes,Yes,Yes,Yes,No,Month-to-month,Yes,Credit card (automatic),85.72,85.59,Yes
1770-ZJGRE,Male,0,No,No,42,Yes,Yes,No,No internet service,No internet service,No internet service,No internet service,No internet service,No internet service,One year,Yes,Mailed check,35.43,1497.93,No
1764-UOXWW,Male,0,No,No,28,Yes,Yes,DSL,Yes,Yes,Yes,Yes,Yes,Yes,Month-to-month,No,Bank transfer (automatic),94.79,2649.96,Yes
9288-MWEJV,Male,0,No,No,34,No,No phone service,Fiber optic,Yes,Yes,No,No,No,Yes,One year,Yes,Bank transfer (automatic),84.58,2874.02,Yes
5021-DTKFU,Female,0,No,No,50,No,No phone service,No,No internet service,No internet service,No internet service,No internet service,No internet service,No internet service,Two year,Yes,Bank transfer (automatic),22.72,1134.85,No
9476-YCIZE,Male,0,Yes,No,22,Yes,Yes,Fiber optic,No,No,No,No,No,No,One year,Yes,Bank transfer (automatic),82.5,1817.21,Yes
7618-LFOUQ,Female,0,No,No,14,Yes,No,DSL,Yes,Yes,No,No,Yes,No,Month-to-month,Yes,Bank transfer (automatic),73.61,1035.68,Yes
1456-XOGVH,Female,0,Yes,No,31,Yes,No,Fiber optic,No,Yes,Yes,Yes,No,No,One year,Yes,Electronic check,90.27,2808.03,No
9737-VGHRV,Male,0,Yes,Yes,5,Yes,Yes,Fiber optic,No,No,Yes,Yes,No,No,Month-to-month,Yes,Electronic check,90.12,443.2,Yes
2279-JNPNK,Female,0,No,No,62,No,No phone service,Fiber optic,No,No,Yes,Yes,Yes,No,Two year,No,Mailed check,85.84,5322.34,No
4483-LAEOX,Male,0,No,No,56,Yes,No,DSL,No,Yes,Yes,Yes,No,No,Two year,No,Bank transfer (automatic),69.47,3880.88,No
7910-BXXFV,Female,1,No,No,6,Yes,Yes,Fiber optic,No,No,No,No,No,No,Month-to-month,Yes,Mailed check,81.81,490.96,Yes
8371-RDSCQ,Female,0,No,No,3,Yes,Yes,Fiber optic,No,No,Yes,Yes,Yes,No,Month-to-month,Yes,Electronic check,99.22,289.36,Yes
9877-OBOEM,Male,1,Yes,No,1,Yes,Yes,Fiber optic,Yes,No,Yes,No,No,Yes,Month-to-month,Yes,Electronic check,97.7,91.31,Yes
9649-IGCCE,Male,0,Yes,Yes,6,No,No phone service,No,No internet service,No internet service,No internet service,No internet service,No internet service,No internet service,Month-to-month,No,Electronic check,21.07,122.93,Yes
1958-HCDXG,Male,1,Yes,No,9,Yes,No,DSL,No,Yes,No,Yes,No,No,Month-to-month,Yes,Electronic check,65.42,586.93,Yes
1305-GZRGO,Male,0,No,No,12,Yes,Yes,Fiber optic,Yes,No,Yes,Yes,No,No,Month-to-month,Yes,Credit card (automatic),97.81,1176.13,Yes
3742-AYMPV,Female,0,Yes,No,43,Yes,Yes,Fiber optic,Yes,Yes,No,Yes,No,Yes,One year,No,Bank transfer (automatic),105.39,4525.99,Yes
6215-WYQZS,Female,0,No,No,52,Yes,No,No,No internet service,No internet service,No internet service,No internet service,No internet service,No internet service,Two year,No,Bank transfer (automatic),28.08,1464.0,No
1033-PAAEO,Female,0,Yes,No,38,Yes,Yes,Fiber optic,Yes,No,Yes,No,No,No,Month-to-month,Yes,Electronic check,88.62,3364.97,Yes
1153-FAHXJ,Male,0,No,No,4,Yes,Yes,DSL,Yes,No,No,Yes,No,No,Month-to-month,No,Mailed check,68.04,281.85,No
2817-WOMOR,Male,1,Yes,No,35,Yes,Yes,Fiber optic,No,Yes,Yes,No,No,Yes,Two year,No,Electronic check,100.27,3505.91,No
7666-HRMJT,Male,1,No,No,27,Yes,No,DSL,Yes,No,Yes,No,Yes,Yes,One year,No,Mailed check,83.89,2263.51,Yes
5095-FIBQA,Female,0,No,No,16,Yes,Yes,DSL,Yes,No,Yes,No,Yes,No,Month-to-month,Yes,Mailed check,80.72,1297.03,Yes
2567-QPCBA,Female,0,Yes,No,11,Yes,No,DSL,Yes,No,No,Yes,Yes,Yes,Month-to-month,Yes,Bank transfer (automatic),83.25,913.78,Yes
7735-GPRAJ,Female,0,Yes,Yes,68,No,No phone service,Fiber optic,Yes,No,No,Yes,Yes,Yes,Two year,Yes,Electronic check,91.96,6260.1,No
3064-QGKSL,Male,1,Yes,Yes,14,Yes,No,No,No internet service,No internet service,No internet service,No internet service,No internet service,No internet service,Month-to-month,Yes,Bank transfer (automatic),29.56,421.54,No
3415-MPHZN,Male,1,Yes,Yes,58,Yes,Yes,DSL,Yes,Yes,No,Yes,No,No,Two year,Yes,Bank transfer (automatic),77.26,4482.4,No
5909-KELUB,Male,0,Yes,No,25,Yes,Yes,No,No internet service,No internet service,No internet service,No internet service,No internet service,No internet service,Month-to-month,Yes,Bank transfer (automatic),37.04,923.52,Yes
1110-JBACH,Male,0,No,No,3,Yes,Yes,No,No internet service,No internet service,No internet service,No internet service,No internet service,No internet service,Month-to-month,Yes,Bank transfer (automatic),33.87,109.32,No
6567-WGFEG,Male,1,Yes,Yes,15,Yes,Yes,DSL,No,Yes,No,No,Yes,No,Month-to-month,No,Mailed check,75.71,1145.19,No
8106-WBDYU,Male,0,No,No,61,Yes,No,DSL,Yes,Yes,Yes,No,Yes,No,One year,Yes,Bank transfer (automatic),80.36,4908.99,No
9011-FCMRB,Female,0,No,No,30,Yes,No,DSL,Yes,No,No,No,No,No,One year,Yes,Credit card (automatic),61.19,1841.51,No
4394-FFWKH,Female,0,No,No,14,Yes,Yes,Fiber optic,Yes,Yes,No,No,No,Yes,Month-to-month,Yes,Credit card (automatic),98.56,1376.57,Yes
8086-KUIJE,Male,0,Yes,Yes,12,Yes,Yes,Fiber optic,No,Yes,Yes,Yes,Yes,No,Month-to-month,Yes,Mailed check,102.67,1235.54,Yes
5496-EPDWS,Female,1,No,No,59,Yes,No,Fiber optic,No,No,Yes,No,Yes,No,Two year,Yes,Mailed check,88.37,5214.15,No
8679-SLUIE,Female,0,No,No,17,Yes,Yes,Fiber optic,No,Yes,Yes,No,Yes,No,Month-to-month,No,Bank transfer (automatic),97.7,1659.28,Yes
7608-TRHPO,Male,0,Yes,No,28,No,No phone service,DSL,No,No,Yes,No,Yes,No,One year,Yes,Electronic check,57.64,1623.16,No
5991-CCOAR,Female,1,Yes,Yes,1,No,No phone service,Fiber optic,No,Yes,Yes,No,Yes,No,Month-to-month,Yes,Electronic check,81.86,89.05,Yes
3572-ZDKTK,Male,1,Yes,Yes,22,Yes,No,DSL,Yes,No,Yes,No,No,Yes,Month-to-month,Yes,Mailed check,73.23,1617.55,Yes
5044-NXWLO,Male,0,No,No,36,Yes,No,Fiber optic,No,Yes,No,Yes,Yes,No,One year,Yes,Mailed check,94.49,3393.55,No
1715-GWHQH,Male,0,Yes,No,20,Yes,Yes,No,No internet service,No internet service,No internet service,No internet service,No internet service,No internet service,One year,No,Electronic check,36.78,735.69,No
7719-LGNMB,Female,0,No,No,58,Yes,No,Fiber optic,Yes,Yes,No,Yes,Yes,No,One year,No,Credit card (automatic),98.42,5699.72,No
4969-SLMHE,Male,0,Yes,Yes,48,Yes,No,DSL,Yes,Yes,Yes,No,Yes,No,Two year,Yes,Mailed check,79.57,3827.21,No
8242-SVVQS,Male,0,No,No,1,Yes,Yes,Fiber optic,Yes,No,Yes,Yes,No,Yes,Month-to-month,Yes,Electronic check,103.11,112.9,Yes
4148-RBYCV,Male,0,Yes,Yes,50,Yes,No,No,No internet service,No internet service,No internet service,No internet service,No internet service,No internet service,One year,Yes,Mailed check,31.12,1564.69,No
8010-DFJEK,Female,1,Yes,Yes,49,Yes,No,DSL,No,Yes,Yes,Yes,No,No,Two year,No,Credit card (automatic),72.92,3565.12,No
3809-GCIQK,Male,0,No,No,55,No,No phone service,No,No internet service,No internet service,No internet service,No internet service,No internet service,No internet service,Two year,No,Electronic check,19.68,1084.57,No
7264-NTNSA,Male,0,Yes,Yes,13,Yes,Yes,DSL,Yes,Yes,Yes,No,No,No,Month-to-month,Yes,Credit card (automatic),74.02,953.02,No
8270-TIHQT,Female,0,No,No,58,Yes,Yes,No,No internet service,No internet service,No internet service,No internet service,No internet service,No internet service,Two year,No,Bank transfer (automatic),34.71,2007.3,No
5068-USFWN,Male,0,Yes,Yes,1,Yes,Yes,No,No internet service,No internet service,No internet service,No internet service,No internet service,No internet service,Month-to-month,Yes,Mailed check,37.69,30.2,Yes
9992-VYGCS,Female,0,Yes,Yes,24,Yes,Yes,Fiber optic,No,No,No,Yes,No,No,One year,Yes,Bank transfer (automatic),84.99,2033.12,Yes
9278-PLEYM,Female,0,Yes,No,45,No,No phone service,Fiber optic,Yes,Yes,No,No,No,No,One year,Yes,Credit card (automatic),75.81,3411.07,Yes
8688-FXAWS,Female,0,No,No,51,No,No phone service,No,No internet service,No internet service,No internet service,No internet service,No internet service,No internet service,Two year,No,Bank transfer (automatic),19.92,1012.08,No
2167-KBXKO,Male,0,No,No,23,Yes,No,Fiber optic,No,No,Yes,No,No,Yes,Month-to-month,Yes,Electronic check,90.61,2081.26,Yes
1462-SQGLR,Female,0,Yes,Yes,1,Yes,No,Fiber optic,No,Yes,Yes,No,Yes,No,Month-to-month,Yes,Bank transfer (automatic),93.5,94.16,Yes
6045-TTYWC,Female,0,No,No,16,Yes,No,Fiber optic,No,Yes,Yes,No,Yes,Yes,Month-to-month,Yes,Credit card (automatic),101.62,1629.01,Yes
3795-EEDMN,Male,0,Yes,Yes,56,Yes,Yes,DSL,Yes,No,No,No,Yes,Yes,Two year,Yes,Electronic check,80.89,4525.38,Yes
4846-MRCBT,Male,0,Yes,Yes,31,Yes,Yes,DSL,No,No,No,No,No,No,One year,Yes,Bank transfer (automatic),63.0,1959.34,No
7528-JBJIC,Female,0,No,No,6,Yes,Yes,DSL,Yes,Yes,No,Yes,No,No,Month-to-month,No,Credit card (automatic),75.57,456.62,Yes
6278-AJBUI,Female,0,No,No,2,Yes,Yes,No,No internet service,No internet service,No internet service,No internet service,No internet service,No internet service,Month-to-month,Yes,Credit card (automatic),37.93,83.0,No
7305-HFDNO,Male,1,Yes,Yes,5,Yes,No,Fiber optic,Yes,No,Yes,No,Yes,Yes,Month-to-month,Yes,Electronic check,99.53,507.52,Yes
6349-XTFGM,Male,0,No,No,1,Yes,No,Fiber optic,Yes,Yes,No,No,No,No,Month-to-month,No,Mailed check,84.3,80.12,Yes
6574-TYTDJ,Female,0,Yes,Yes,19,Yes,Yes,DSL,No,No,No,No,Yes,Yes,One year,Yes,Electronic check,76.69,1456.32,Yes
5863-VMLPD,Male,0,No,No,54,Yes,Yes,DSL,No,No,Yes,No,No,No,Two year,Yes,Bank transfer (automatic),63.76,3447.38,No
4687-SBWEM,Female,0,Yes,No,5,Yes,No,DSL,No,No,No,No,No,Yes,Month-to-month,Yes,Bank transfer (automatic),62.41,320.51,Yes
9978-KDTPU,Female,0,Yes,No,35,Yes,No,No,No internet service,No internet service,No internet service,No internet service,No internet service,No internet service,One year,Yes,Mailed check,29.05,1022.84,Yes
1149-JWCUW,Female,0,No,No,39,Yes,Yes,Fiber optic,Yes,Yes,No,No,Yes,Yes,Two year,Yes,Bank transfer (automatic),106.97,4181.22,No
7619-GDKHP,Male,0,No,No,7,Yes,Yes,DSL,No,No,No,No,No,Yes,Month-to-month,Yes,Electronic check,66.61,469.1,No
4685-AOOHT,Male,0,No,No,6,Yes,Yes,Fiber optic,Yes,No,Yes,Yes,No,Yes,Month-to-month,Yes,Credit card (automatic),101.32,614.66,Yes
3033-TFRDW,Male,1,No,No,63,Yes,Yes,DSL,Yes,Yes,Yes,Yes,Yes,No,Two year,No,Electronic check,86.42,5436.95,No
9919-EZRGB,Female,0,No,No,9,Yes,No,DSL,No,No,Yes,Yes,Yes,Yes,Month-to-month,Yes,Mailed check,80.5,731.15,No
4539-PHSKO,Female,0,Yes,Yes,10,Yes,No,DSL,No,Yes,Yes,Yes,No,Yes,Month-to-month,No,Mailed check,78.1,774.07,No
8104-JZGHN,Female,1,Yes,Yes,3,Yes,No,No,No internet service,No internet service,No internet service,No internet service,No internet service,No internet service,Month-to-month,Yes,Mailed check,29.37,80.07,No
4640-JCYES,Female,0,No,No,8,Yes,No,No,No internet service,No internet service,No internet service,No internet service,No internet service,No internet service,Month-to-month,No,Bank transfer (automatic),30.76,248.23,No
3797-ITEUR,Female,0,Yes,Yes,9,Yes,Yes,DSL,Yes,Yes,No,No,Yes,No,Month-to-month,No,Mailed check,79.39,712.87,Yes
8191-ZUNHL,Male,0,Yes,No,6,Yes,No,Fiber optic,Yes,Yes,Yes,Yes,Yes,Yes,Month-to-month,Yes,Electronic check,112.72,677.4,Yes
1175-ZLNTM,Male,0,Yes,No,21,Yes,No,No,No internet service,No internet service,No internet service,No internet service,No internet service,No internet service,Month-to-month,No,Bank transfer (automatic),29.22,618.4,No
9652-RBLEY,Male,0,No,No,4,Yes,No,No,No internet service,No internet service,No internet service,No internet service,No internet service,No internet service,Month-to-month,No,Credit card (automatic),30.48,115.33,No
6537-XGOTD,Female,0,No,No,32,Yes,No,Fiber optic,Yes,No,Yes,No,No,Yes,Month-to-month,Yes,Credit card (automatic),92.64,2961.56,Yes
4050-KALFN,Male,0,No,No,67,Yes,No,Fiber optic,Yes,No,No,No,No,No,Two year,Yes,Mailed check,80.68,5400.95,No
8198-EJLJW,Male,1,No,No,2,Yes,No,Fiber optic,No,No,Yes,Yes,Yes,No,Month-to-month,No,Bank transfer (automatic),91.59,182.96,Yes
3087-ITWNY,Female,1,Yes,No,15,Yes,No,DSL,Yes,Yes,Yes,No,No,Yes,Month-to-month,Yes,Bank transfer (automatic),77.41,1152.8,Yes
3498-SEHCG,Male,0,No,No,1,Yes,Yes,DSL,Yes,Yes,Yes,Yes,Yes,Yes,Month-to-month,Yes,Bank transfer (automatic),98.95,107.53,Yes
4270-CBKHQ,Male,0,No,No,46,Yes,No,DSL,Yes,No,Yes,No,No,No,Two year,No,Credit card (automatic),64.23,2962.48,Yes
1008-BTFMX,Male,0,No,No,20,No,No phone service,Fiber optic,No,No,No,Yes,Yes,Yes,Month-to-month,No,Mailed check,85.66,1718.03,Yes
9664-PGHPC,Male,1,Yes,Yes,15,No,No phone service,Fiber optic,Yes,Yes,No,Yes,Yes,No,Month-to-month,Yes,Credit card (automatic),90.95,1358.29,Yes
1717-DKSXT,Female,0,No,No,1,Yes,Yes,DSL,No,Yes,No,No,Yes,Yes,Month-to-month,Yes,Mailed check,80.45,89.57,Yes
4116-TKRWZ,Male,0,No,No,3,Yes,No,DSL,No,No,Yes,Yes,Yes,Yes,Month-to-month,Yes,Electronic check,83.4,256.01,Yes
9602-GWHGD,Male,1,Yes,Yes,42,Yes,No,Fiber optic,Yes,No,Yes,Yes,Yes,Yes,One year,Yes,Bank transfer (automatic),107.16,4510.16,Yes
9999-GDXHZ,Male,0,Yes,No,48,Yes,No,No,No internet service,No internet service,No internet service,No internet service,No internet service,No internet service,Month-to-month,No,Electronic check,31.61,1521.04,No
5216-WQOVF,Female,0,No,No,56,Yes,Yes,No,No internet service,No internet service,No internet service,No internet service,No internet service,No internet service,One year,No,Credit card (automatic),34.84,1959.08,Yes
3973-LVEOY,Male,0,Yes,Yes,36,Yes,No,DSL,Yes,Yes,Yes,Yes,No,Yes,Month-to-month,Yes,Credit card (automatic),81.5,2934.54,No
1193-PJAVT,Male,1,Yes,Yes,7,No,No phone service,Fiber optic,Yes,Yes,Yes,No,Yes,Yes,Month-to-month,Yes,Credit card (automatic),98.08,682.71,Yes
4994-BRQDV,Male,0,Yes,No,1,Yes,Yes,DSL,Yes,Yes,Yes,Yes,No,No,Month-to-month,Yes,Bank transfer (automatic),79.13,86.71,Yes
2841-MZFYH,Male,0,Yes,Yes,41,No,No phone service,No,No internet service,No internet service,No internet service,No internet service,No internet service,No internet service,Two year,Yes,Electronic check,21.02,855.38,No
3971-RDRHV,Female,0,No,No,63,No,No phone service,Fiber optic,No,No,Yes,Yes,Yes,Yes,Two year,Yes,Credit card (automatic),91.23,5753.43,No
2102-CLSDI,Male,0,No,No,63,Yes,No,Fiber optic,No,No,No,No,Yes,Yes,Two year,Yes,Credit card (automatic),91.69,5776.32,No
4770-KPKPS,Male,0,Yes,Yes,11,Yes,Yes,No,No internet service,No internet service,No internet service,No internet service,No internet service,No internet service,Month-to-month,Yes,Credit card (automatic),37.79,424.11,Yes
6723-JWUDL,Female,0,Yes,Yes,33,Yes,Yes,No,No internet service,No internet service,No internet service,No internet service,No internet service,No internet service,One year,Yes,Electronic check,36.48,1202.33,Yes
2736-RBVWA,Female,1,Yes,Yes,40,Yes,No,Fiber optic,Yes,Yes,No,Yes,No,No,Two year,Yes,Bank transfer (automatic),90.22,3611.7,Yes
2822-EWATN,Male,0,No,No,4,Yes,No,Fiber optic,No,No,Yes,No,Yes,No,Month-to-month,No,Credit card (automatic),90.89,356.06,Yes
1917-FETOV,Female,0,No,No,38,Yes,Yes,Fiber optic,Yes,No,No,Yes,No,Yes,One year,Yes,Bank transfer (automatic),99.02,3769.69,Yes
5623-ECFAX,Male,0,Yes,Yes,8,Yes,Yes,DSL,No,Yes,Yes,No,Yes,No,Month-to-month,Yes,Bank transfer (automatic),79.76,647.25,Yes
6152-TSZSC,Female,0,Yes,No,45,Yes,Yes,DSL,No,No,Yes,No,Yes,Yes,Two year,No,Electronic check,83.43,3746.22,No
4533-URTEZ,Female,0,Yes,Yes,11,Yes,No,Fiber optic,Yes,No,Yes,Yes,Yes,Yes,Month-to-month,Yes,Credit card (automatic),104.49,1139.69,Yes
6071-OZUCC,Female,0,No,No,28,Yes,No,No,No internet service,No internet service,No internet service,No internet service,No internet service,No internet service,One year,Yes,Bank transfer (automatic),28.45,790.18,No
5226-ZZTLY,Male,0,No,No,17,Yes,No,DSL,No,No,Yes,No,No,No,One year,Yes,Credit card (automatic),60.53,1024.27,No
1699-QQTGV,Male,1,Yes,Yes,29,Yes,No,No,No internet service,No internet service,No internet service,No internet service,No internet service,No internet service,Month-to-month,No,Mailed check,29.94,867.51,Yes
8632-MNVCE,Male,0,No,No,9,Yes,Yes,No,No internet service,No internet service,No internet service,No internet service,No internet service,No internet service,One year,Yes,Electronic check,34.59,321.24,No
8802-CLOYD,Male,0,Yes,No,16,Yes,Yes,DSL,No,No,No,Yes,Yes,Yes,Month-to-month,No,Credit card (automatic),80.35,1288.31,Yes
2134-HCWLK,Male,0,No,No,48,Yes,Yes,DSL,Yes,No,No,No,Yes,Yes,One year,Yes,Credit card (automatic),81.41,3908.39,No
8156-JSKAU,Male,1,Yes,Yes,61,No,No phone service,DSL,No,Yes,Yes,No,Yes,No,One year,No,Electronic check,64.96,3966.04,Yes
1060-ZYWQQ,Male,1,Yes,Yes,57,Yes,Yes,Fiber optic,No,Yes,No,Yes,Yes,Yes,One year,Yes,Bank transfer (automatic),104.08,5940.49,Yes
3043-SQLKJ,Female,0,No,No,27,Yes,Yes,No,No internet service,No internet service,No internet service,No internet service,No internet service,No internet service,One year,Yes,Bank transfer (automatic),33.88,916.66,No
7251-HRRQS,Male,0,Yes,Yes,1,Yes,No,DSL,Yes,No,Yes,No,Yes,No,Month-to-month,No,Mailed check,72.11,71.2,Yes
4204-WYJUM,Female,1,No,No,27,Yes,No,No,No internet service,No internet service,No internet service,No internet service,No internet service,No internet service,One year,Yes,Bank transfer (automatic),29.54,805.63,No
4957-AXAAU,Female,0,No,No,5,Yes,No,Fiber optic,Yes,No,Yes,No,Yes,No,Month-to-month,No,Mailed check,93.02,461.46,Yes
4784-CUNQU,Female,0,Yes,No,3,Yes,Yes,Fiber optic,Yes,No,Yes,Yes,Yes,Yes,Month-to-month,Yes,Electronic check,112.71,330.74,Yes
6867-EQFFV,Female,0,Yes,Yes,14,No,No phone service,No,No internet service,No internet service,No internet service,No internet service,No internet service,No internet service,Month-to-month,No,Electronic check,18.55,268.24,Yes
3323-HXCMJ,Male,0,No,No,7,Yes,No,No,No internet service,No internet service,No internet service,No internet service,No internet service,No internet service,Month-to-month,Yes,Electronic check,29.05,201.75,No
8387-VEAEO,Male,1,No,No,11,No,No phone service,DSL,No,Yes,Yes,No,Yes,Yes,One year,No,Electronic check,71.59,792.71,Yes
6978-CFIFS,Male,0,No,No,1,Yes,Yes,No,No internet service,No internet service,No internet service,No internet service,No internet service,No internet service,Month-to-month,Yes,Bank transfer (automatic),35.34,41.52,Yes
7552-XGFVS,Female,1,No,No,10,Yes,Yes,DSL,No,No,No,No,No,No,Month-to-month,No,Credit card (automatic),60.15,602.84,Yes
2052-LXYGK,Female,0,Yes,Yes,53,Yes,Yes,DSL,No,Yes,Yes,Yes,No,No,Two year,Yes,Bank transfer (automatic),73.61,3897.7,Yes
6388-FOIGB,Female,0,Yes,Yes,2,Yes,Yes,DSL,No,No,No,No,Yes,Yes,Month-to-month,Yes,Credit card (automatic),76.49,162.79,Yes
3033-LPPGA,Male,0,Yes,No,1,Yes,No,Fiber optic,Yes,Yes,No,Yes,Yes,No,One year,Yes,Credit card (automatic),99.62,95.11,No
7559-CUMBH,Female,0,Yes,No,39,No,No phone service,DSL,Yes,Yes,Yes,Yes,Yes,Yes,One year,Yes,Bank transfer (automatic),83.31,3253.58,Yes
2442-EXJXZ,Male,0,Yes,Yes,39,No,No phone service,DSL,Yes,No,No,No,No,Yes,One year,No,Credit card (automatic),56.6,2203.79,Yes
7771-QRNGM,Female,0,No,No,4,Yes,No,DSL,Yes,Yes,No,No,Yes,No,Month-to-month,Yes,Mailed check,74.3,301.91,Yes
2278-BMFRM,Female,0,Yes,Yes,4,Yes,No,Fiber optic,No,No,Yes,Yes,Yes,Yes,Month-to-month,No,Credit card (automatic),103.88,422.88,Yes
7556-EHEHW,Male,1,Yes,No,20,Yes,No,DSL,Yes,No,Yes,No,No,No,Month-to-month,Yes,Electronic check,64.77,1289.64,Yes
8059-NBHCQ,Female,0,Yes,Yes,33,Yes,No,DSL,No,Yes,Yes,Yes,Yes,Yes,Month-to-month,Yes,Electronic check,86.88,2861.82,Yes
5513-FQSKC,Female,0,Yes,No,7,Yes,No,Fiber optic,No,Yes,Yes,Yes,No,No,Month-to-month,No,Mailed check,88.85,625.58,Yes
6442-XDAMI,Male,0,Yes,Yes,36,Yes,Yes,No,No internet service,No internet service,No internet service,No internet service,No internet service,No internet service,One year,Yes,Credit card (automatic),35.92,1292.89,Yes
2792-BARHF,Male,0,Yes,Yes,18,Yes,No,No,No internet service,No internet service,No internet service,No internet service,No internet service,No internet service,Month-to-month,Yes,Bank transfer (automatic),32.95,588.25,No
6968-LVHIN,Female,1,Yes,Yes,14,Yes,Yes,DSL,Yes,No,No,Yes,Yes,No,Month-to-month,Yes,Electronic check,76.97,1086.68,No
5487-WRXLY,Male,0,No,No,72,Yes,No,Fiber optic,No,No,No,Yes,Yes,No,Two year,No,Electronic check,88.17,6347.34,No
6685-HZMRM,Male,0,No,No,3,Yes,Yes,DSL,No,No,No,Yes,No,Yes,Month-to-month,Yes,Mailed check,72.42,219.12,Yes
6010-AJVBD,Female,0,Yes,No,65,Yes,Yes,DSL,Yes,No,Yes,No,Yes,Yes,Two year,Yes,Bank transfer (automatic),85.24,5544.17,No
7539-ZCGHI,Female,0,No,No,52,Yes,Yes,Fiber optic,Yes,No,Yes,No,Yes,No,Two year,Yes,Bank transfer (automatic),98.83,5141.73,No
7159-UVCNS,Female,0,No,No,1,Yes,No,Fiber optic,No,Yes,Yes,No,Yes,Yes,Month-to-month,No,Bank transfer (automatic),102.93,104.54,Yes
9900-XWBVD,Male,0,No,No,54,Yes,Yes,No,No internet service,No internet service,No internet service,No internet service,No internet service,No internet service,Two year,Yes,Electronic check,34.67,1864.13,No
8888-RWDPN,Male,0,Yes,No,14,No,No phone service,Fiber optic,Yes,Yes,Yes,No,No,Yes,Month-to-month,No,Mailed check,86.57,1201.98,Yes
2983-NGCAN,Female,1,Yes,Yes,10,Yes,Yes,No,No internet service,No internet service,No internet service,No internet service,No internet service,No internet service,Month-to-month,No,Bank transfer (automatic),37.11,374.73,No
3018-LQEVR,Male,0,Yes,Yes,34,Yes,Yes,DSL,No,No,No,No,No,Yes,One year,Yes,Credit card (automatic),66.74,2264.83,Yes
7380-AHQXQ,Male,0,No,No,19,No,No phone service,Fiber optic,No,No,No,Yes,Yes,No,Month-to-month,Yes,Mailed check,77.74,1481.18,Yes
2028-EDROL,Male,0,No,No,29,No,No phone service,No,No internet service,No internet service,No internet service,No internet service,No internet service,No internet service,Month-to-month,Yes,Credit card (automatic),19.88,575.96,No
9306-UNDIY,Female,0,No,No,58,Yes,Yes,Fiber optic,Yes,Yes,Yes,Yes,No,No,Month-to-month,Yes,Mailed check,102.91,5974.95,No
4876-CWSJZ,Male,1,No,No,1,Yes,Yes,Fiber optic,No,No,Yes,Yes,No,Yes,Month-to-month,No,Credit card (automatic),96.67,99.42,Yes
4206-GLHFE,Male,1,Yes,No,1,Yes,Yes,Fiber optic,Yes,Yes,Yes,No,No,Yes,Month-to-month,Yes,Credit card (automatic),101.95,96.1,Yes
9205-JQODB,Female,0,Yes,No,68,Yes,No,No,No internet service,No internet service,No internet service,No internet service,No internet service,No internet service,Two year,Yes,Credit card (automatic),29.15,1984.23,No
4670-VHVKJ,Male,0,Yes,No,10,Yes,No,DSL,No,Yes,Yes,No,No,Yes,Month-to-month,Yes,Credit card (automatic),72.3,719.69,Yes
3282-FVITX,Male,0,Yes,No,51,Yes,Yes,No,No internet service,No internet service,No internet service,No internet service,No internet service,No internet service,One year,Yes,Electronic check,37.75,1927.21,No
2320-XMDSC,Female,0,No,No,2,Yes,No,Fiber optic,Yes,Yes,Yes,Yes,Yes,No,Month-to-month,No,Electronic check,103.76,198.56,Yes
3051-LLDLX,Female,0,No,No,63,Yes,Yes,No,No internet service,No internet service,No internet service,No internet service,No internet service,No internet service,Two year,Yes,Electronic check,35.94,2258.76,No
9785-OZASV,Male,1,No,No,57,Yes,Yes,DSL,No,No,Yes,No,Yes,No,Month-to-month,Yes,Electronic check,74.28,4225.49,No
4372-MTJXF,Female,0,No,No,49,Yes,Yes,Fiber optic,No,No,Yes,Yes,No,No,Two year,No,Credit card (automatic),89.4,4374.67,Yes
9535-FTFJV,Male,1,Yes,No,21,Yes,No,DSL,Yes,Yes,No,Yes,No,No,One year,Yes,Bank transfer (automatic),72.14,1506.63,Yes
7290-MWKBF,Male,0,Yes,No,47,Yes,No,Fiber optic,Yes,No,No,Yes,Yes,No,Month-to-month,No,Credit card (automatic),95.33,4486.16,No
1935-UOYYH,Female,0,No,No,66,Yes,No,DSL,No,Yes,Yes,Yes,No,No,Two year,Yes,Mailed check,71.86,4738.68,No
1632-QJRUV,Male,1,No,No,43,Yes,Yes,DSL,No,No,Yes,No,Yes,No,Two year,Yes,Bank transfer (automatic),73.4,3163.09,Yes
1959-PCXOY,Female,0,No,No,56,Yes,No,No,No internet service,No internet service,No internet service,No internet service,No internet service,No internet service,One year,Yes,Mailed check,28.73,1611.24,Yes
2875-RENLI,Male,1,No,No,18,No,No phone service,DSL,Yes,No,Yes,Yes,No,Yes,Month-to-month,Yes,Credit card (automatic),66.57,1189.81,Yes
7084-VRBLH,Male,0,No,No,17,Yes,No,DSL,No,No,No,Yes,Yes,No,Month-to-month,Yes,Mailed check,70.56,1190.03,No
6129-NUNPI,Male,0,Yes,No,24,Yes,Yes,Fiber optic,Yes,Yes,No,Yes,Yes,No,Month-to-month,No,Credit card (automatic),102.58,2455.82,Yes
4998-IUZGI,Male,0,No,No,32,Yes,No,DSL,No,Yes,No,Yes,No,No,Two year,No,Credit card (automatic),66.93,2136.36,No
3052-YGXRR,Female,0,No,No,46,Yes,Yes,DSL,No,No,Yes,No,Yes,Yes,Two year,No,Electronic check,79.83,3670.55,No
8698-TDALR,Male,1,No,No,8,No,No phone service,Fiber optic,No,Yes,No,Yes,No,Yes,Month-to-month,Yes,Bank transfer (automatic),83.96,674.01,No
1741-BXYXQ,Female,0,No,No,16,Yes,Yes,No,No internet service,No internet service,No internet service,No internet service,No internet service,No internet service,One year,No,Electronic check,33.76,530.32,No
8430-JLNPY,Male,0,No,No,54,Yes,No,Fiber optic,No,No,No,No,Yes,Yes,Month-to-month,Yes,Mailed check,91.15,4917.67,No
6150-CHDHL,Male,0,No,No,16,No,No phone service,DSL,Yes,Yes,No,Yes,Yes,Yes,Month-to-month,Yes,Mailed check,74.14,1194.29,No
9844-NFMVJ,Female,0,No,No,27,Yes,Yes,DSL,No,No,Yes,Yes,No,No,Month-to-month,Yes,Electronic check,72.32,1962.5,No
2908-ZUTFB,Male,0,No,No,44,Yes,Yes,Fiber optic,No,Yes,No,Yes,No,Yes,One year,No,Electronic check,100.75,4435.55,Yes
7163-WFFMM,Male,0,No,No,1,Yes,Yes,DSL,Yes,Yes,No,Yes,No,Yes,Month-to-month,No,Electronic check,83.09,78.35,Yes
4845-QMREH,Male,0,No,No,43,Yes,No,Fiber optic,No,No,No,Yes,Yes,Yes,One year,No,Bank transfer (automatic),96.1,4131.24,Yes
7960-DMICS,Male,0,No,No,33,Yes,No,Fiber optic,No,Yes,Yes,No,No,Yes,Month-to-month,No,Credit card (automatic),91.3,3018.34,Yes
6203-KVLGB,Female,0,No,No,8,Yes,Yes,No,No internet service,No internet service,No internet service,No internet service,No internet service,No internet service,Month-to-month,Yes,Credit card (automatic),34.11,280.39,Yes
2807-YPIPA,Male,0,Yes,No,6,Yes,No,No,No internet service,No internet service,No internet service,No internet service,No internet service,No internet service,Month-to-month,No,Electronic check,31.27,187.99,Yes
4251-ZVKSH,Male,0,No,No,18,Yes,Yes,No,No internet service,No internet service,No internet service,No internet service,No internet service,No internet service,Month-to-month,No,Electronic check,37.23,675.24,Yes
9216-KMEHF,Male,1,Yes,No,27,Yes,No,DSL,Yes,No,Yes,Yes,Yes,No,Month-to-month,Yes,Mailed check,76.48,2066.72,Yes
6114-ULTHL,Male,0,No,No,58,Yes,No,DSL,Yes,Yes,No,No,No,No,Two year,No,Mailed check,64.91,3774.64,No
7106-TSLPA,Male,0,No,No,28,Yes,No,DSL,No,Yes,Yes,Yes,Yes,Yes,Month-to-month,No,Credit card (automatic),86.97,2426.84,Yes
8758-NVTBM,Female,0,No,No,24,Yes,Yes,DSL,No,No,Yes,No,Yes,No,One year,Yes,Bank transfer (automatic),75.8,1813.91,Yes
8913-NWZCC,Male,0,Yes,Yes,8,Yes,Yes,DSL,Yes,No,Yes,Yes,No,No,Month-to-month,Yes,Credit card (automatic),73.7,597.08,Yes
1151-HLHXR,Female,0,No,No,19,Yes,Yes,DSL,Yes,No,Yes,No,No,No,Month-to-month,Yes,Bank transfer (automatic),72.64,1384.56,No
3217-ESMIE,Female,1,Yes,Yes,59,Yes,Yes,Fiber optic,No,No,Yes,Yes,No,Yes,Two year,Yes,Mailed check,97.72,5755.76,Yes
5656-VWPHQ,Female,0,Yes,Yes,62,Yes,Yes,DSL,No,Yes,No,Yes,Yes,No,Two year,Yes,Bank transfer (automatic),80.83,5016.21,No
8756-FAGFY,Male,1,No,No,26,Yes,No,No,No internet service,No internet service,No internet service,No internet service,No internet service,No internet service,One year,Yes,Electronic check,28.68,751.82,Yes
8728-INDOJ,Female,0,No,No,38,Yes,No,No,No internet service,No internet service,No internet service,No internet service,No internet service,No internet service,One year,Yes,Mailed check,32.78,1254.55,No
3341-VOMUR,Female,0,Yes,Yes,61,Yes,No,Fiber optic,No,No,Yes,Yes,No,No,Two year,Yes,Electronic check,83.98,5120.0,Yes
6085-IXXNA,Female,1,No,No,7,Yes,No,Fiber optic,Yes,No,No,Yes,Yes,No,Month-to-month,No,Credit card (automatic),93.45,653.62,Yes
9938-UAAXD,Male,0,Yes,Yes,13,Yes,Yes,Fiber optic,Yes,No,Yes,No,Yes,No,Month-to-month,No,Mailed check,99.28,1295.39,Yes
6185-XEZSJ,Male,0,No,No,22,Yes,Yes,Fiber optic,Yes,Yes,Yes,No,Yes,Yes,One year,Yes,Bank transfer (automatic),112.04,2468.65,Yes
1052-IODMV,Male,0,No,No,6,Yes,Yes,Fiber optic,Yes,Yes,Yes,No,Yes,Yes,Month-to-month,No,Mailed check,112.19,672.35,Yes
5042-IRYWT,Male,0,No,No,36,Yes,Yes,Fiber optic,No,Yes,No,No,Yes,Yes,One year,Yes,Mailed check,99.89,3591.94,Yes
5334-CJJUN,Male,1,No,No,4,Yes,Yes,Fiber optic,No,No,No,Yes,No,No,Month-to-month,Yes,Mailed check,84.29,336.51,Yes
2889-NQMMI,Female,0,Yes,Yes,1,Yes,No,DSL,Yes,Yes,No,No,No,No,Month-to-month,No,Electronic check,63.94,61.1,Yes
9958-EAVLO,Female,0,No,No,13,Yes,No,DSL,No,No,No,No,No,Yes,Month-to-month,No,Mailed check,64.82,850.68,Yes
7897-LHPPE,Male,0,Yes,No,10,Yes,Yes,DSL,Yes,No,Yes,Yes,No,Yes,Month-to-month,No,Credit card (automatic),82.98,829.01,Yes
4283-WHCGF,Male,0,Yes,No,28,Yes,No,Fiber optic,Yes,No,Yes,No,Yes,No,One year,Yes,Credit card (automatic),94.49,2653.98,No
8593-STCDT,Male,0,No,No,1,Yes,No,Fiber optic,No,Yes,No,No,Yes,Yes,Month-to-month,No,Mailed check,97.84,95.22,Yes
1026-PTXQD,Male,1,No,No,5,Yes,No,Fiber optic,No,Yes,No,Yes,No,No,Month-to-month,Yes,Credit card (automatic),83.17,425.02,Yes
3679-KNCUJ,Male,0,No,No,47,Yes,Yes,No,No internet service,No internet service,No internet service,No internet service,No internet service,No internet service,One year,Yes,Mailed check,35.87,1683.57,No
8964-QRKBL,Male,0,No,No,7,Yes,No,Fiber optic,No,No,Yes,Yes,No,No,Month-to-month,No,Electronic check,83.75,582.99,No
5224-FVSLB,Female,1,No,No,62,Yes,Yes,DSL,No,No,No,No,No,Yes,Two year,Yes,Mailed check,67.47,4181.48,No
5877-QPJAT,Male,0,Yes,Yes,56,Yes,No,Fiber optic,No,No,No,No,Yes,No,Two year,Yes,Bank transfer (automatic),82.86,4633.1,No
2656-JZCYT,Female,0,Yes,No,6,Yes,Yes,Fiber optic,No,Yes,Yes,No,No,Yes,Month-to-month,No,Electronic check,97.87,586.68,Yes
8158-HRENB,Female,0,No,No,19,Yes,No,DSL,Yes,Yes,No,Yes,No,No,Month-to-month,Yes,Bank transfer (automatic),68.49,1295.81,No
4621-BHSVP,Female,0,No,No,6,No,No phone service,No,No internet service,No internet service,No internet service,No internet service,No internet service,No internet service,Month-to-month,Yes,Bank transfer (automatic),19.6,124.05,Yes
9175-FSRGA,Male,0,No,No,12,Yes,No,DSL,No,No,No,No,No,Yes,Month-to-month,Yes,Mailed check,64.12,770.74,Yes
1383-THTZJ,Male,0,Yes,Yes,37,Yes,Yes,No,No internet service,No internet service,No internet service,No internet service,No internet service,No internet service,One year,Yes,Mailed check,37.32,1386.18,No
7571-OJFXH,Female,0,No,No,35,Yes,No,DSL,Yes,No,No,No,No,No,One year,Yes,Mailed check,60.0,2090.07,No
8602-RRCPK,Female,0,Yes,No,7,Yes,Yes,DSL,No,Yes,No,Yes,Yes,No,Month-to-month,No,Bank transfer (automatic),76.11,534.8,Yes
7378-OWWEJ,Male,0,Yes,Yes,1,Yes,Yes,Fiber optic,Yes,No,No,Yes,No,Yes,Month-to-month,No,Credit card (automatic),98.5,90.72,Yes
6427-WXGSB,Male,0,No,No,18,Yes,No,Fiber optic,No,Yes,No,No,Yes,Yes,Month-to-month,Yes,Electronic check,95.46,1716.25,Yes
1653-JSNQL,Male,1,No,No,15,Yes,Yes,DSL,Yes,No,No,No,Yes,Yes,Month-to-month,No,Mailed check,80.32,1201.4,Yes
8507-XMGGH,Female,0,No,No,21,Yes,No,Fiber optic,Yes,Yes,Yes,No,Yes,Yes,Month-to-month,No,Bank transfer (automatic),107.57,2255.1,Yes
5992-MLHTS,Male,0,No,No,59,Yes,Yes,No,No internet service,No internet service,No internet service,No internet service,No internet service,No internet service,Two year,Yes,Mailed check,35.92,2112.25,Yes
6966-STZKQ,Male,0,Yes,No,26,Yes,No,Fiber optic,No,No,Yes,No,Yes,No,One year,No,Electronic check,89.34,2314.14,Yes
4382-FHUUQ,Female,0,Yes,No,44,Yes,Yes,Fiber optic,Yes,No,Yes,No,Yes,No,One year,Yes,Bank transfer (automatic),98.77,4346.58,No
2301-ZBOGG,Male,0,Yes,Yes,30,Yes,Yes,Fiber optic,Yes,No,No,Yes,Yes,Yes,Month-to-month,No,Mailed check,106.61,3189.52,Yes
8819-MNUIQ,Male,0,No,No,1,Yes,Yes,Fiber optic,Yes,Yes,No,No,Yes,No,Month-to-month,No,Electronic check,99.6,98.45,Yes
8475-ZGKHQ,Female,0,No,No,7,No,No phone service,DSL,No,No,Yes,No,No,No,Month-to-month,No,Electronic check,52.89,379.14,Yes
6229-XNMET,Female,1,No,No,15,Yes,Yes,DSL,Yes,Yes,Yes,Yes,No,No,One year,Yes,Credit card (automatic),78.51,1173.65,No
3532-IEKEE,Male,0,No,No,72,Yes,No,DSL,No,Yes,No,No,No,No,Two year,Yes,Bank transfer (automatic),61.63,4443.94,No
6046-LKKTK,Female,0,Yes,No,1,Yes,Yes,Fiber optic,Yes,Yes,No,No,No,Yes,Month-to-month,Yes,Credit card (automatic),97.63,98.83,Yes
4522-QLHBE,Female,0,No,No,1,No,No phone service,Fiber optic,Yes,No,No,Yes,No,No,Month-to-month,Yes,Electronic check,76.2,71.72,Yes
5656-CDTIU,Female,0,Yes,No,1,Yes,Yes,Fiber optic,No,Yes,No,No,No,Yes,Month-to-month,Yes,Electronic check,95.35,99.34,Yes
6918-XLWEM,Female,0,Yes,No,51,Yes,No,DSL,Yes,Yes,Yes,No,No,No,Two year,No,Electronic check,72.16,3671.37,No
7119-ALANU,Female,0,No,No,57,Yes,Yes,Fiber optic,Yes,Yes,Yes,Yes,No,Yes,Two year,No,Credit card (automatic),110.09,6274.44,No
3493-QBQIN,Female,0,No,No,10,Yes,Yes,DSL,No,Yes,Yes,Yes,No,No,Month-to-month,Yes,Mailed check,75.92,764.56,Yes
4282-UOJWW,Male,0,Yes,Yes,53,Yes,Yes,No,No internet service,No internet service,No internet service,No internet service,No internet service,No internet service,One year,Yes,Electronic check,36.9,1956.5,No
6365-WYRFE,Female,0,Yes,No,5,Yes,No,DSL,Yes,No,Yes,No,Yes,No,Month-to-month,Yes,Credit card (automatic),73.0,359.11,Yes
3042-CEXSD,Male,1,No,No,46,Yes,No,Fiber optic,No,No,Yes,Yes,Yes,No,Two year,Yes,Electronic check,95.72,4393.44,Yes
7881-KWJYV,Female,0,No,No,8,Yes,Yes,Fiber optic,No,No,Yes,No,No,Yes,Month-to-month,Yes,Mailed check,91.89,725.31,Yes
3297-STBUW,Female,0,No,No,7,Yes,No,No,No internet service,No internet service,No internet service,No internet service,No internet service,No internet service,Month-to-month,Yes,Mailed check,31.71,228.18,Yes
2792-UAFKJ,Female,0,Yes,No,45,Yes,No,Fiber optic,Yes,Yes,No,Yes,No,Yes,One year,Yes,Electronic check,97.74,4392.75,Yes
2086-CMZWN,Male,0,Yes,Yes,9,Yes,No,Fiber optic,Yes,No,No,Yes,No,No,Month-to-month,No,Mailed check,83.63,752.96,No
3336-FCCKX,Male,0,No,No,46,Yes,No,No,No internet service,No internet service,No internet service,No internet service,No internet service,No internet service,Month-to-month,Yes,Credit card (automatic),31.34,1442.04,No
5370-TDKRP,Male,0,No,No,72,Yes,Yes,DSL,Yes,Yes,Yes,Yes,Yes,Yes,Two year,Yes,Electronic check,96.86,6973.6,No
7646-LFQOD,Female,0,No,No,57,Yes,Yes,DSL,No,No,No,No,Yes,No,Two year,No,Bank transfer (automatic),66.32,3777.55,No
9901-DFLCO,Female,1,No,No,43,Yes,No,Fiber optic,Yes,Yes,No,Yes,Yes,Yes,Two year,No,Mailed check,107.67,4626.89,No
3486-ONBNO,Male,0,Yes,No,4,Yes,Yes,DSL,Yes,No,Yes,No,Yes,No,Month-to-month,Yes,Credit card (automatic),80.47,321.24,Yes
5915-AGOIX,Male,1,No,No,37,Yes,No,Fiber optic,Yes,Yes,No,Yes,No,No,One year,Yes,Mailed check,92.17,3401.7,No
5525-DKSPR,Male,0,No,No,49,Yes,Yes,Fiber optic,Yes,No,Yes,No,Yes,No,One year,Yes,Electronic check,98.71,4838.99,Yes
6593-WYBVG,Female,0,Yes,No,48,Yes,No,No,No internet service,No internet service,No internet service,No internet service,No internet service,No internet service,One year,No,Mailed check,30.61,1461.05,No
6940-GWMSL,Male,0,No,No,30,Yes,No,Fiber optic,No,No,No,No,No,Yes,Month-to-month,Yes,Credit card (automatic),82.21,2466.2,Yes
5354-CUSOV,Female,0,No,No,56,Yes,Yes,DSL,Yes,Yes,Yes,Yes,No,No,Two year,No,Electronic check,79.74,4471.2,No
9564-AKUTL,Male,0,Yes,Yes,32,No,No phone service,Fiber optic,Yes,No,No,Yes,No,No,One year,Yes,Bank transfer (automatic),74.76,2401.63,Yes
1783-ISQTE,Female,0,No,No,22,Yes,Yes,DSL,No,Yes,No,No,Yes,No,Month-to-month,No,Electronic check,75.57,1654.35,Yes
9146-QTFWM,Female,0,No,No,44,Yes,Yes,DSL,No,Yes,Yes,Yes,No,No,Month-to-month,No,Mailed check,74.99,3303.47,Yes
2483-SXRWD,Female,0,No,No,18,Yes,No,No,No internet service,No internet service,No internet service,No internet service,No internet service,No internet service,Month-to-month,Yes,Bank transfer (automatic),31.07,568.67,Yes
4683-LBORH,Female,0,Yes,Yes,40,Yes,Yes,Fiber optic,Yes,Yes,No,Yes,Yes,No,One year,No,Credit card (automatic),103.78,4161.17,Yes
4048-WPQXZ,Female,0,No,No,42,Yes,No,Fiber optic,No,No,No,Yes,No,No,One year,Yes,Mailed check,79.61,3350.17,No
9819-PCXZS,Female,1,Yes,No,9,Yes,Yes,DSL,No,No,Yes,No,No,No,Month-to-month,Yes,Electronic check,67.77,603.36,Yes
1942-XMSBJ,Female,0,Yes,No,6,Yes,Yes,DSL,No,Yes,No,No,No,No,Month-to-month,Yes,Credit card (automatic),63.72,383.11,Yes
6152-WZBTP,Male,0,No,No,55,Yes,Yes,DSL,Yes,Yes,Yes,Yes,No,Yes,Two year,Yes,Electronic check,90.73,4991.63,No
7347-UJMWE,Female,0,No,No,9,Yes,No,No,No internet service,No internet service,No internet service,No internet service,No internet service,No internet service,Month-to-month,Yes,Bank transfer (automatic),30.01,264.62,No
2336-ITNAP,Male,0,Yes,Yes,7,No,No phone service,DSL,Yes,Yes,No,No,No,Yes,Month-to-month,No,Bank transfer (automatic),65.3,466.21,Yes
9162-EFIWX,Female,0,No,No,4,Yes,Yes,No,No internet service,No internet service,No internet service,No internet service,No internet service,No internet service,Month-to-month,Yes,Credit card (automatic),33.15,123.38,Yes
2970-UIHJE,Male,0,No,No,62,Yes,Yes,DSL,No,No,No,No,Yes,Yes,Two year,Yes,Bank transfer (automatic),74.71,4641.23,No
7623-BBZMV,Male,0,Yes,No,33,Yes,No,No,No internet service,No internet service,No internet service,No internet service,No internet service,No internet service,One year,No,Mailed check,29.41,963.24,No
5799-YLLCA,Male,0,No,No,49,Yes,No,DSL,No,No,Yes,Yes,Yes,Yes,One year,Yes,Mailed check,82.2,4032.59,No
1773-ZKJNV,Female,0,Yes,No,12,Yes,Yes,Fiber optic,Yes,Yes,No,Yes,Yes,No,Month-to-month,Yes,Mailed check,103.48,1243.18,Yes
1741-XFRYA,Male,0,No,No,16,No,No phone service,DSL,No,Yes,No,No,Yes,Yes,Month-to-month,Yes,Mailed check,67.11,1068.92,No
6074-FWTHR,Female,0,No,No,60,Yes,Yes,Fiber optic,No,No,Yes,No,Yes,No,Two year,Yes,Mailed check,91.35,5473.29,Yes
9004-BNETY,Female,0,No,No,35,Yes,No,DSL,Yes,Yes,No,Yes,Yes,No,One year,Yes,Electronic check,78.34,2734.09,Yes
7358-ETUGP,Female,0,No,No,13,Yes,Yes,DSL,Yes,Yes,No,Yes,Yes,Yes,Month-to-month,Yes,Bank transfer (automatic),93.61,1213.93,Yes
1924-KDHBE,Male,0,No,No,27,Yes,No,DSL,Yes,Yes,No,Yes,Yes,No,One year,Yes,Electronic check,78.05,2108.04,No
3783-SIAXR,Male,0,Yes,No,24,Yes,Yes,DSL,Yes,Yes,Yes,Yes,No,No,One year,Yes,Credit card (automatic),80.25,1930.96,No
5096-IZLXD,Female,0,No,No,4,Yes,Yes,No,No internet service,No internet service,No internet service,No internet service,No internet service,No internet service,Month-to-month,No,Credit card (automatic),38.0,159.64,Yes
1343-LHBKW,Male,0,Yes,No,48,Yes,No,Fiber optic,No,No,No,No,No,No,Two year,Yes,Bank transfer (automatic),74.63,3580.22,No
4373-GSOYS,Female,0,No,No,62,Yes,No,DSL,Yes,No,Yes,No,Yes,No,Two year,Yes,Credit card (automatic),71.25,4411.84,No
3567-RYLYA,Male,0,Yes,Yes,14,Yes,Yes,Fiber optic,No,Yes,Yes,No,No,No,Month-to-month,Yes,Mailed check,91.81,1285.07,Yes
9693-TWRUC,Male,0,Yes,Yes,2,Yes,No,Fiber optic,Yes,Yes,Yes,No,Yes,No,Month-to-month,No,Bank transfer (automatic),98.92,204.41,Yes
3870-HCOXD,Female,1,No,No,35,Yes,No,No,No internet service,No internet service,No internet service,No internet service,No internet service,No internet service,One year,No,Bank transfer (automatic),31.45,1108.82,No
3402-XCBWM,Female,0,Yes,No,21,No,No phone service,Fiber optic,No,No,Yes,No,Yes,No,Month-to-month,No,Bank transfer (automatic),80.43,1698.79,No
2128-EQRXC,Male,0,No,No,6,Yes,Yes,No,No internet service,No internet service,No internet service,No internet service,No internet service,No internet service,Month-to-month,Yes,Credit card (automatic),33.08,206.3,Yes
3769-JGNZX,Male,0,Yes,Yes,3,Yes,No,Fiber optic,No,No,No,No,Yes,No,Month-to-month,No,Credit card (automatic),84.3,249.56,Yes
1174-TAJXJ,Male,0,No,No,1,Yes,No,Fiber optic,No,No,No,No,Yes,No,Month-to-month,No,Mailed check,83.44,78.77,Yes
2389-UXWXA,Male,0,Yes,Yes,51,Yes,Yes,DSL,Yes,Yes,Yes,Yes,Yes,Yes,Two year,No,Bank transfer (automatic),98.35,5018.2,No
8549-QIRPB,Male,0,Yes,Yes,72,Yes,Yes,DSL,Yes,No,Yes,Yes,Yes,Yes,Two year,Yes,Mailed check,91.38,6573.31,No
4048-MTPWL,Male,1,Yes,Yes,2,Yes,Yes,Fiber optic,Yes,Yes,Yes,Yes,No,Yes,Month-to-month,Yes,Bank transfer (automatic),109.01,218.15,Yes
7988-GIGAX,Female,0,Yes,Yes,47,Yes,No,Fiber optic,Yes,No,Yes,No,Yes,Yes,One year,Yes,Bank transfer (automatic),102.49,4819.14,No
5299-SIJVJ,Female,0,No,No,37,Yes,Yes,DSL,Yes,Yes,Yes,No,No,No,One year,No,Bank transfer (automatic),77.62,2878.87,No
8596-WMDTK,Male,0,No,No,1,Yes,Yes,DSL,No,No,Yes,No,Yes,Yes,Month-to-month,Yes,Mailed check,80.08,70.41,Yes
5438-IAKHY,Female,0,No,No,56,Yes,No,DSL,No,No,Yes,No,Yes,No,Two year,No,Electronic check,70.76,3966.68,No
3317-GYUKA,Female,0,No,No,1,Yes,No,Fiber optic,Yes,Yes,No,No,No,Yes,Month-to-month,Yes,Credit card (automatic),91.32,90.26,Yes
4431-YRXXQ,Female,0,No,No,7,Yes,No,Fiber optic,Yes,Yes,No,Yes,Yes,Yes,Month-to-month,Yes,Credit card (automatic),108.45,755.42,No
7293-TQCMP,Female,1,No,No,46,Yes,No,Fiber optic,Yes,No,Yes,No,Yes,Yes,Month-to-month,No,Bank transfer (automatic),100.78,4638.29,Yes
5468-YMIWF,Male,0,Yes,Yes,47,Yes,Yes,Fiber optic,No,Yes,No,No,Yes,No,One year,Yes,Mailed check,92.48,4337.14,No
7904-CMXDQ,Male,0,No,No,52,Yes,No,DSL,No,No,Yes,No,No,Yes,Month-to-month,Yes,Bank transfer (automatic),70.78,3673.04,No
8816-JISOQ,Female,0,No,No,1,Yes,Yes,DSL,No,No,Yes,Yes,Yes,No,Month-to-month,Yes,Electronic check,76.7,68.75,Yes
4850-CJJCI,Male,0,Yes,No,9,Yes,No,Fiber optic,Yes,Yes,Yes,No,Yes,Yes,One year,No,Bank transfer (automatic),105.14,937.39,Yes
1396-BVFBF,Male,0,Yes,No,4,Yes,No,Fiber optic,Yes,No,No,Yes,No,Yes,Month-to-month,Yes,Electronic check,92.04,369.81,Yes
2320-PJXEF,Male,0,No,No,7,Yes,No,DSL,No,Yes,Yes,No,No,Yes,Month-to-month,Yes,Bank transfer (automatic),72.96,513.73,Yes
8299-PQNKE,Male,0,Yes,No,3,Yes,Yes,DSL,No,Yes,No,No,No,Yes,Month-to-month,No,Mailed check,73.83,229.18,Yes
9373-AAVWF,Female,0,No,No,1,No,No phone service,No,No internet service,No internet service,No internet service,No internet service,No internet service,No internet service,Month-to-month,No,Mailed check,22.6,22.2,Yes
5071-CCAAB,Male,0,Yes,Yes,60,Yes,Yes,DSL,Yes,Yes,No,Yes,Yes,No,Two year,No,Bank transfer (automatic),81.38,4881.15,Yes
1573-XHGYX,Male,1,Yes,No,3,No,No phone service,DSL,Yes,Yes,Yes,Yes,Yes,No,Month-to-month,No,Bank transfer (automatic),72.35,221.11,Yes
3511-FKJAL,Female,0,Yes,No,23,Yes,Yes,Fiber optic,No,No,No,Yes,No,Yes,One year,No,Mailed check,92.17,2118.87,Yes
1722-WVLYM,Male,0,Yes,Yes,30,Yes,No,Fiber optic,No,No,Yes,No,No,Yes,One year,Yes,Bank transfer (automatic),88.04,2642.8,Yes
6692-TDRXR,Female,0,No,No,34,Yes,No,DSL,Yes,No,No,No,No,Yes,Month-to-month,No,Bank transfer (automatic),68.53,2337.21,Yes
6597-OVEUD,Male,0,No,No,30,Yes,No,Fiber optic,Yes,Yes,Yes,Yes,No,Yes,Month-to-month,No,Bank transfer (automatic),103.45,3100.01,No
7116-OKRKP,Female,0,Yes,Yes,53,Yes,Yes,Fiber optic,Yes,Yes,Yes,No,Yes,Yes,Two year,No,Bank transfer (automatic),110.21,5839.25,No
9879-QYEAH,Male,0,Yes,Yes,15,Yes,Yes,DSL,No,No,No,Yes,No,No,One year,Yes,Mailed check,64.52,970.19,No
1686-RZMJG,Female,0,No,No,11,Yes,Yes,Fiber optic,No,No,No,Yes,No,Yes,Month-to-month,No,Electronic check,93.37,1027.94,Yes
2540-LTGZA,Female,0,No,No,2,Yes,No,Fiber optic,Yes,Yes,Yes,Yes,No,Yes,Month-to-month,Yes,Credit card (automatic),102.37,206.04,Yes
9776-QBPSM,Female,0,Yes,Yes,45,Yes,No,DSL,Yes,Yes,Yes,Yes,No,No,Month-to-month,Yes,Credit card (automatic),76.88,3465.74,No
7172-BEIRV,Male,0,Yes,Yes,55,Yes,Yes,DSL,No,No,No,No,Yes,No,Two year,No,Electronic check,68.09,3735.62,No
7918-BCWRM,Male,0,Yes,Yes,12,Yes,Yes,DSL,Yes,No,No,No,No,Yes,Month-to-month,No,Mailed check,73.91,879.24,Yes
4316-DDSAB,Male,1,No,No,22,Yes,Yes,No,No internet service,No internet service,No internet service,No internet service,No internet service,No internet service,Month-to-month,Yes,Mailed check,34.6,756.07,Yes
4498-EMMCK,Male,1,Yes,No,55,Yes,Yes,No,No internet service,No internet service,No internet service,No internet service,No internet service,No internet service,Two year,Yes,Electronic check,35.83,1965.59,No
6926-YVKTB,Female,0,Yes,Yes,33,Yes,No,Fiber optic,No,No,Yes,Yes,No,No,One year,No,Mailed check,84.21,2779.36,Yes
2229-LABCX,Male,0,Yes,Yes,14,Yes,No,Fiber optic,No,No,No,No,No,No,Month-to-month,Yes,Mailed check,75.35,1046.72,Yes
6610-NQBQY,Female,0,Yes,Yes,20,No,No phone service,Fiber optic,Yes,Yes,No,No,Yes,No,One year,Yes,Credit card (automatic),82.39,1649.76,No
4085-TXDUH,Female,0,No,No,14,Yes,No,DSL,Yes,Yes,No,Yes,Yes,No,Month-to-month,Yes,Credit card (automatic),77.87,1088.01,No
8521-NDPGZ,Female,1,Yes,No,26,Yes,No,Fiber optic,No,No,No,Yes,No,Yes,Month-to-month,No,Credit card (automatic),88.98,2313.01,Yes
2956-DDTZB,Male,0,No,No,9,Yes,Yes,Fiber optic,No,Yes,Yes,Yes,Yes,Yes,Month-to-month,Yes,Bank transfer (automatic),110.42,988.59,Yes
5370-YJGAP,Male,0,No,No,4,Yes,Yes,Fiber optic,Yes,Yes,No,No,Yes,Yes,Month-to-month,Yes,Credit card (automatic),105.1,419.59,Yes
3843-XHARL,Female,0,Yes,Yes,15,Yes,No,No,No internet service,No internet service,No internet service,No internet service,No internet service,No internet service,One year,Yes,Credit card (automatic),32.25,488.76,Yes
5451-FRLWI,Male,0,No,No,21,Yes,Yes,DSL,No,Yes,Yes,No,Yes,No,Month-to-month,Yes,Bank transfer (automatic),77.77,1628.65,No
4782-JWYRO,Male,0,Yes,Yes,51,Yes,No,DSL,Yes,No,No,No,No,Yes,One year,Yes,Bank transfer (automatic),67.14,3421.47,No
8840-EFPNN,Male,0,No,No,35,Yes,Yes,DSL,Yes,Yes,Yes,Yes,No,Yes,Month-to-month,Yes,Bank transfer (automatic),88.27,3085.31,No
5563-WEKEB,Male,0,Yes,Yes,1,Yes,No,DSL,Yes,Yes,Yes,Yes,Yes,Yes,Month-to-month,No,Bank transfer (automatic),93.09,86.66,Yes
8578-OJENE,Male,0,Yes,No,39,Yes,Yes,Fiber optic,Yes,No,Yes,Yes,Yes,No,Two year,Yes,Mailed check,102.21,3988.37,Yes
5575-MLSSE,Male,1,No,No,19,Yes,No,DSL,No,No,No,No,No,No,Month-to-month,No,Credit card (automatic),56.76,1078.91,Yes
9243-WDABZ,Female,1,No,No,52,Yes,No,No,No internet service,No internet service,No internet service,No internet service,No internet service,No internet service,Two year,Yes,Bank transfer (automatic),30.44,1587.89,No
3411-LPTDU,Female,0,Yes,No,9,No,No phone service,DSL,No,No,No,No,No,No,Month-to-month,No,Credit card (automatic),43.65,402.04,Yes
3384-XXHBM,Female,0,No,No,28,Yes,No,No,No internet service,No internet service,No internet service,No internet service,No internet service,No internet service,One year,Yes,Credit card (automatic),28.2,799.23,No
2110-JFXEZ,Male,0,No,No,1,Yes,Yes,DSL,No,Yes,No,No,No,No,Month-to-month,Yes,Bank transfer (automatic),64.42,55.44,Yes
3020-WTLNR,Male,0,Yes,No,23,Yes,No,No,No internet service,No internet service,No internet service,No internet service,No internet service,No internet service,Month-to-month,No,Bank transfer (automatic),28.72,665.8,Yes
7289-HFBAD,Female,0,No,No,16,Yes,Yes,Fiber optic,No,No,Yes,Yes,Yes,Yes,Month-to-month,No,Bank transfer (automatic),107.64,1727.98,Yes
3713-YMCLX,Female,0,No,No,59,Yes,No,Fiber optic,No,Yes,No,Yes,Yes,Yes,Two year,Yes,Bank transfer (automatic),100.64,5937.94,No
7630-BPUGV,Male,0,Yes,No,1,Yes,Yes,Fiber optic,Yes,No,No,No,No,No,Month-to-month,Yes,Mailed check,83.81,83.43,No
2086-UYBKL,Female,0,Yes,Yes,7,Yes,No,Fiber optic,Yes,No,No,No,Yes,No,Month-to-month,Yes,Mailed check,87.43,614.22,Yes
3608-PPWCC,Male,1,No,No,3,Yes,Yes,DSL,Yes,Yes,Yes,No,Yes,Yes,Month-to-month,Yes,Bank transfer (automatic),92.39,285.53,Yes
2433-BXIBP,Male,0,Yes,No,49,Yes,No,No,No internet service,No internet service,No internet service,No internet service,No internet service,No internet service,One year,Yes,Bank transfer (automatic),31.08,1523.44,No
5660-DMWEU,Male,0,Yes,No,5,Yes,No,DSL,Yes,No,No,No,No,No,Month-to-month,No,Credit card (automatic),60.09,309.06,No
6067-RFLSA,Male,0,Yes,Yes,6,No,No phone service,No,No internet service,No internet service,No internet service,No internet service,No internet service,No internet service,Month-to-month,Yes,Electronic check,19.41,113.11,Yes
4919-SLDQY,Female,0,Yes,No,69,Yes,No,Fiber optic,Yes,No,Yes,No,Yes,Yes,Two year,Yes,Bank transfer (automatic),100.95,6971.8,No
7512-UWLVT,Female,0,Yes,Yes,11,Yes,No,Fiber optic,No,Yes,No,No,Yes,Yes,Month-to-month,No,Mailed check,96.56,1062.07,Yes
4313-SKUQS,Female,0,Yes,Yes,28,Yes,Yes,No,No internet service,No internet service,No internet service,No internet service,No internet service,No internet service,One year,Yes,Bank transfer (automatic),36.4,1026.36,No
5480-NXZPP,Female,0,Yes,Yes,44,Yes,No,Fiber optic,No,Yes,No,No,Yes,No,One year,Yes,Electronic check,88.37,3895.84,No
4783-YVFGX,Male,0,No,No,6,Yes,Yes,No,No internet service,No internet service,No internet service,No internet service,No internet service,No internet service,Month-to-month,Yes,Electronic check,34.11,211.09,Yes
1036-LYUHV,Female,1,No,No,65,Yes,Yes,Fiber optic,No,Yes,No,Yes,Yes,No,Two year,Yes,Bank transfer (automatic),96.89,6300.97,Yes
8036-CQYAD,Female,0,No,No,65,Yes,No,No,No internet service,No internet service,No internet service,No internet service,No internet service,No internet service,Two year,Yes,Credit card (automatic),29.02,1879.58,Yes
5731-IOOBZ,Male,0,Yes,No,23,Yes,No,DSL,Yes,Yes,No,No,Yes,No,Month-to-month,Yes,Credit card (automatic),74.34,1705.39,Yes
2507-JKEYS,Male,0,Yes,Yes,42,Yes,Yes,No,No internet service,No internet service,No internet service,No internet service,No internet service,No internet service,Two year,Yes,Bank transfer (automatic),33.15,1399.37,No
8084-CNVFE,Female,0,Yes,No,46,Yes,No,No,No internet service,No internet service,No internet service,No internet service,No internet service,No internet service,One year,Yes,Credit card (automatic),29.94,1380.09,No
1687-AEOAR,Female,0,No,No,21,Yes,Yes,Fiber optic,No,No,Yes,Yes,Yes,Yes,Month-to-month,Yes,Credit card (automatic),106.47,2245.79,Yes
6582-DVUQG,Female,0,Yes,Yes,1,Yes,Yes,No,No internet service,No internet service,No internet service,No internet service,No internet service,No internet service,Month-to-month,No,Credit card (automatic),38.0,33.61,No
2218-ZJMTK,Male,0,No,No,17,Yes,Yes,No,No internet service,No internet service,No internet service,No internet service,No internet service,No internet service,Month-to-month,No,Electronic check,34.81,583.67,Yes
6468-IDOPC,Male,0,Yes,No,47,Yes,No,DSL,No,Yes,No,Yes,No,No,Month-to-month,Yes,Bank transfer (automatic),64.35,3015.49,Yes
1065-CMMJO,Female,1,Yes,Yes,55,Yes,Yes,DSL,Yes,No,Yes,Yes,Yes,Yes,Two year,No,Electronic check,92.41,5090.05,No
4072-MGLPK,Female,0,No,No,1,No,No phone service,No,No internet service,No internet service,No internet service,No internet service,No internet service,No internet service,Month-to-month,Yes,Bank transfer (automatic),19.35,21.68,No
7884-GPACP,Female,0,Yes,No,5,Yes,Yes,DSL,Yes,Yes,Yes,Yes,Yes,Yes,Month-to-month,No,Mailed check,98.83,489.68,Yes
1046-QSVAC,Male,0,Yes,No,63,Yes,No,DSL,No,No,No,No,No,Yes,Two year,No,Mailed check,62.03,3904.95,No
4977-MYLGL,Male,1,Yes,No,72,Yes,Yes,No,No internet service,No internet service,No internet service,No internet service,No internet service,No internet service,Two year,Yes,Bank transfer (automatic),33.7,2421.99,No
1225-MTBLH,Male,0,No,No,5,Yes,No,Fiber optic,No,Yes,No,Yes,No,Yes,Month-to-month,Yes,Mailed check,94.23,468.84,No
9350-QDGJG,Male,0,No,No,49,Yes,Yes,Fiber optic,Yes,Yes,Yes,No,No,Yes,One year,No,Mailed check,104.14,5112.41,Yes
1320-IROOA,Male,0,No,No,21,Yes,No,DSL,No,No,Yes,No,No,Yes,Month-to-month,Yes,Mailed check,70.45,1475.94,No
6847-MGIFY,Male,0,Yes,No,1,Yes,No,Fiber optic,Yes,Yes,No,No,Yes,Yes,Month-to-month,No,Credit card (automatic),102.59,97.0,Yes
7076-CGXKZ,Female,0,Yes,Yes,68,Yes,Yes,Fiber optic,Yes,No,Yes,Yes,No,No,Two year,Yes,Electronic check,97.63,6638.63,No
7747-XCNFO,Male,0,No,No,7,No,No phone service,Fiber optic,No,Yes,Yes,Yes,Yes,No,Month-to-month,Yes,Mailed check,87.17,601.09,Yes
4425-FHBLQ,Male,1,Yes,Yes,7,Yes,No,No,No internet service,No internet service,No internet service,No internet service,No internet service,No internet service,Month-to-month,No,Credit card (automatic),28.77,192.66,No
8761-JEAEV,Female,1,Yes,Yes,10,Yes,Yes,DSL,No,Yes,Yes,No,No,No,Month-to-month,Yes,Mailed check,72.77,726.2,Yes
8292-HGFTU,Male,0,No,No,27,Yes,No,Fiber optic,Yes,Yes,Yes,Yes,Yes,Yes,One year,Yes,Credit card (automatic),113.55,3067.46,No
3215-BEWUG,Male,0,Yes,Yes,3,Yes,No,Fiber optic,Yes,No,No,No,Yes,Yes,Month-to-month,Yes,Credit card (automatic),98.25,288.86,No
4612-SCDLK,Male,0,No,No,4,Yes,No,Fiber optic,No,Yes,Yes,Yes,Yes,Yes,Month-to-month,No,Electronic check,104.42,410.98,Yes
2328-CEYCU,Female,1,Yes,No,1,No,No phone service,No,No internet service,No internet service,No internet service,No internet service,No internet service,No internet service,Month-to-month,Yes,Electronic check,21.97,22.05,Yes
5786-GCVPO,Female,0,Yes,Yes,1,Yes,No,Fiber optic,Yes,No,No,No,Yes,No,Month-to-month,Yes,Electronic check,89.0,79.06,Yes
5024-JQCSH,Male,0,Yes,Yes,1,Yes,No,No,No internet service,No internet service,No internet service,No internet service,No internet service,No internet service,Month-to-month,Yes,Bank transfer (automatic),29.85,20.83,Yes
3789-UJBSQ,Male,0,Yes,Yes,15,Yes,No,Fiber optic,No,Yes,Yes,Yes,Yes,Yes,Month-to-month,Yes,Electronic check,108.64,1636.91,Yes
9660-DONAQ,Female,0,Yes,No,12,Yes,Yes,No,No internet service,No internet service,No internet service,No internet service,No internet service,No internet service,Month-to-month,Yes,Credit card (automatic),36.59,432.83,Yes
7548-GEBSQ,Female,0,No,No,52,Yes,Yes,Fiber optic,Yes,Yes,No,Yes,No,No,Two year,Yes,Bank transfer (automatic),97.8,5080.64,No
1668-VHZKJ,Female,0,Yes,Yes,24,Yes,No,DSL,No,Yes,No,Yes,Yes,Yes,One year,Yes,Bank transfer (automatic),81.06,1941.04,Yes
9689-NXUTJ,Male,0,No,No,31,Yes,Yes,No,No internet service,No internet service,No internet service,No internet service,No internet service,No internet service,One year,Yes,Electronic check,36.37,1124.27,Yes
1942-ZHFFZ,Female,0,No,No,25,Yes,Yes,DSL,No,Yes,Yes,Yes,Yes,Yes,Month-to-month,No,Credit card (automatic),91.63,2295.18,No
9919-BZGCR,Female,0,No,No,33,Yes,Yes,No,No internet service,No internet service,No internet service,No internet service,No internet service,No internet service,One year,Yes,Credit card (automatic),37.27,1234.38,No
9272-MZZCY,Female,0,Yes,Yes,17,Yes,Yes,DSL,Yes,Yes,No,No,Yes,Yes,Month-to-month,No,Electronic check,85.22,1446.29,Yes
9148-GHZDS,Female,0,Yes,Yes,53,Yes,No,DSL,Yes,Yes,Yes,No,Yes,Yes,One year,No,Bank transfer (automatic),84.54,4476.46,Yes
9681-MVPTK,Male,0,Yes,No,39,Yes,Yes,DSL,Yes,Yes,No,No,No,No,One year,Yes,Electronic check,69.28,2692.65,No
5816-DNYBJ,Male,0,No,No,3,Yes,No,DSL,No,No,Yes,Yes,Yes,Yes,Month-to-month,Yes,Electronic check,83.69,259.95,Yes
1907-NFKWC,Male,0,No,No,31,Yes,Yes,Fiber optic,Yes,Yes,Yes,No,No,No,One year,Yes,Credit card (automatic),95.55,2955.72,Yes
8952-QMTQD,Male,0,No,No,59,Yes,Yes,No,No internet service,No internet service,No internet service,No internet service,No internet service,No internet service,Two year,Yes,Bank transfer (automatic),37.48,2201.42,No
8330-UIGWX,Male,0,Yes,Yes,37,Yes,Yes,Fiber optic,Yes,Yes,No,No,Yes,Yes,One year,Yes,Electronic check,108.02,3992.46,Yes
1258-SLGUK,Female,0,No,No,6,Yes,No,No,No internet service,No internet service,No internet service,No internet service,No internet service,No internet service,Month-to-month,No,Credit card (automatic),28.45,171.14,Yes
6999-PQODO,Female,1,No,No,14,Yes,Yes,Fiber optic,Yes,Yes,Yes,Yes,Yes,No,One year,No,Credit card (automatic),108.02,1513.48,No
7681-QAOEQ,Female,0,Yes,No,66,Yes,Yes,Fiber optic,No,Yes,Yes,No,No,Yes,Two year,No,Mailed check,99.29,6554.36,Yes
5664-VXYXD,Male,0,No,No,44,Yes,Yes,Fiber optic,No,No,Yes,No,No,Yes,One year,No,Credit card (automatic),93.86,4126.73,No
4549-AMLRR,Male,0,No,No,14,Yes,Yes,No,No internet service,No internet service,No internet service,No internet service,No internet service,No internet service,Month-to-month,Yes,Mailed check,36.89,514.43,Yes
6091-WHXWV,Male,0,Yes,Yes,5,Yes,No,Fiber optic,No,No,Yes,Yes,Yes,No,Month-to-month,Yes,Electronic check,91.41,450.92,Yes
1417-BBNPH,Female,0,Yes,No,9,Yes,No,No,No internet service,No internet service,No internet service,No internet service,No internet service,No internet service,Month-to-month,Yes,Mailed check,32.31,291.23,No
8263-QQBJQ,Female,1,No,No,14,Yes,No,DSL,No,Yes,Yes,No,Yes,No,Month-to-month,No,Credit card (automatic),74.36,1042.97,Yes
2508-TMQMJ,Male,0,Yes,No,2,Yes,No,DSL,No,Yes,Yes,Yes,Yes,No,Month-to-month,Yes,Mailed check,80.77,157.82,Yes
3805-FXKMY,Female,1,Yes,No,44,Yes,Yes,No,No internet service,No internet service,No internet service,No internet service,No internet service,No internet service,Two year,Yes,Electronic check,34.09,1498.4,No
6206-DMOID,Male,0,No,No,5,Yes,Yes,DSL,Yes,No,Yes,Yes,No,No,Month-to-month,Yes,Electronic check,75.16,371.5,Yes
8401-FGCMC,Male,0,No,No,10,Yes,Yes,Fiber optic,Yes,Yes,Yes,Yes,Yes,No,Month-to-month,No,Mailed check,106.51,1058.97,Yes
7879-EOTMT,Female,0,No,No,29,Yes,Yes,DSL,Yes,Yes,Yes,No,No,Yes,One year,Yes,Credit card (automatic),85.8,2478.66,No
9922-SLRZL,Male,0,No,No,39,Yes,No,No,No internet service,No internet service,No internet service,No internet service,No internet service,No internet service,Month-to-month,Yes,Mailed check,32.3,1250.01,No
7162-OCVEQ,Female,0,Yes,No,6,Yes,No,Fiber optic,Yes,No,No,Yes,No,No,Month-to-month,Yes,Electronic check,85.61,519.06,Yes
3273-IKLPB,Female,0,No,No,55,Yes,Yes,Fiber optic,Yes,Yes,Yes,No,Yes,Yes,Two year,No,Credit card (automatic),113.88,6265.36,No
9312-ZQHPV,Male,0,No,No,36,Yes,No,Fiber optic,Yes,No,Yes,No,Yes,Yes,One year,No,Credit card (automatic),101.24,3644.19,Yes
4059-AQHUZ,Male,0,No,No,39,Yes,No,DSL,No,Yes,No,No,Yes,Yes,One year,Yes,Mailed check,76.47,2987.33,No
9718-INKEQ,Male,0,No,No,2,Yes,No,DSL,No,No,No,No,Yes,Yes,Month-to-month,No,Mailed check,70.4,141.64,Yes
6613-WGENL,Female,0,No,No,36,Yes,No,DSL,Yes,Yes,Yes,No,No,Yes,One year,No,Mailed check,78.73,2842.31,No
2689-IECRI,Female,0,No,No,1,Yes,No,DSL,No,Yes,Yes,No,Yes,Yes,Month-to-month,Yes,Bank transfer (automatic),79.51,86.72,No
2740-OKJYM,Female,0,No,No,1,Yes,No,DSL,No,No,No,Yes,Yes,Yes,Month-to-month,Yes,Electronic check,78.39,86.27,No
2220-YCMMB,Female,0,No,No,13,Yes,Yes,DSL,No,Yes,No,No,Yes,No,Month-to-month,Yes,Electronic check,72.63,940.75,Yes
3842-JXVMV,Male,0,No,No,3,Yes,No,No,No internet service,No internet service,No internet service,No internet service,No internet service,No internet service,Month-to-month,Yes,Bank transfer (automatic),32.76,91.27,No
2787-HUCUE,Female,0,Yes,No,9,Yes,Yes,Fiber optic,Yes,No,Yes,No,No,Yes,One year,Yes,Bank transfer (automatic),98.01,889.89,No
8014-KYWPK,Female,0,No,No,16,Yes,Yes,Fiber optic,Yes,No,No,No,No,No,Month-to-month,No,Credit card (automatic),87.82,1411.05,Yes
5719-EDYXZ,Female,0,Yes,Yes,28,Yes,Yes,Fiber optic,Yes,Yes,No,No,Yes,Yes,Month-to-month,Yes,Mailed check,104.66,2938.03,No
2896-UWBAI,Male,0,No,No,1,Yes,Yes,Fiber optic,Yes,No,No,No,No,No,Month-to-month,Yes,Credit card (automatic),83.72,92.98,Yes
4638-KXUSH,Female,1,Yes,Yes,16,Yes,Yes,DSL,No,No,Yes,Yes,Yes,Yes,Month-to-month,No,Electronic check,87.69,1396.85,Yes
4279-PWQQQ,Male,0,Yes,No,31,Yes,No,DSL,No,No,Yes,Yes,No,No,Month-to-month,Yes,Mailed check,66.83,2069.81,No
8471-EEJMG,Female,0,No,No,22,Yes,No,DSL,Yes,Yes,No,Yes,Yes,No,Month-to-month,Yes,Mailed check,79.65,1750.15,No
3976-SYQEL,Male,0,Yes,No,11,Yes,Yes,Fiber optic,Yes,No,Yes,Yes,Yes,Yes,Month-to-month,No,Mailed check,113.78,1256.24,No
2234-QGOGE,Female,0,Yes,No,17,Yes,Yes,Fiber optic,No,No,No,No,Yes,No,Month-to-month,No,Credit card (automatic),89.69,1532.38,Yes
7440-HYOGG,Female,0,Yes,Yes,58,Yes,No,Fiber optic,Yes,Yes,Yes,No,Yes,Yes,Two year,Yes,Mailed check,107.33,6227.06,No
9154-SFSVD,Male,1,Yes,No,21,Yes,Yes,Fiber optic,Yes,No,No,Yes,Yes,Yes,Month-to-month,Yes,Electronic check,105.33,2213.01,Yes
8628-NNOJF,Female,0,No,No,52,Yes,No,Fiber optic,Yes,Yes,Yes,Yes,No,No,Two year,Yes,Credit card (automatic),96.23,5010.25,No
6254-CBVEF,Male,1,Yes,No,48,Yes,No,No,No internet service,No internet service,No internet service,No internet service,No internet service,No internet service,Two year,No,Electronic check,29.51,1416.04,No
9378-FPFAK,Female,1,No,No,48,Yes,Yes,DSL,Yes,No,Yes,Yes,Yes,Yes,Month-to-month,Yes,Electronic check,93.33,4488.32,No
7719-MRBPT,Male,1,No,No,32,Yes,Yes,No,No internet service,No internet service,No internet service,No internet service,No internet service,No internet service,One year,No,Electronic check,33.6,1079.63,No
6618-RYTYF,Male,1,Yes,Yes,72,Yes,Yes,Fiber optic,Yes,No,No,Yes,Yes,No,Month-to-month,Yes,Electronic check,97.42,7020.04,No
9598-DIARZ,Male,0,No,No,6,Yes,Yes,DSL,No,No,No,Yes,Yes,Yes,Month-to-month,No,Bank transfer (automatic),79.64,481.73,Yes
1279-UFLDE,Female,0,No,No,8,Yes,Yes,Fiber optic,Yes,Yes,No,Yes,Yes,Yes,Month-to-month,Yes,Credit card (automatic),113.65,907.65,Yes
3653-MOHEQ,Female,0,Yes,Yes,3,Yes,Yes,Fiber optic,No,Yes,Yes,Yes,No,Yes,Month-to-month,Yes,Bank transfer (automatic),105.76,310.45,Yes
1124-FSHGD,Female,0,No,No,1,No,No phone service,No,No internet service,No internet service,No internet service,No internet service,No internet service,No internet service,Month-to-month,Yes,Credit card (automatic),19.84,27.7,Yes
2063-JPUJH,Male,0,No,No,20,Yes,Yes,Fiber optic,Yes,No,No,No,Yes,Yes,Month-to-month,Yes,Electronic check,102.85,2062.95,Yes
1634-FUTKF,Female,0,Yes,Yes,44,Yes,Yes,Fiber optic,Yes,Yes,No,No,Yes,Yes,One year,Yes,Electronic check,108.87,4794.37,Yes
4202-NKCBS,Female,1,Yes,No,15,Yes,No,Fiber optic,No,No,Yes,No,Yes,Yes,Month-to-month,No,Electronic check,94.09,1410.05,Yes
9652-RLSPM,Male,1,Yes,Yes,30,No,No phone service,Fiber optic,Yes,No,Yes,No,No,No,Month-to-month,No,Credit card (automatic),77.12,2305.18,Yes
9595-GDWAB,Female,0,No,No,60,Yes,No,Fiber optic,Yes,Yes,Yes,Yes,No,No,Two year,No,Electronic check,97.57,5844.95,No
5303-POYBS,Female,0,No,No,72,Yes,Yes,DSL,No,Yes,Yes,No,Yes,No,Two year,No,Credit card (automatic),80.65,5804.7,No
9074-QQFPR,Female,0,No,No,17,Yes,No,DSL,Yes,Yes,Yes,No,No,Yes,Month-to-month,Yes,Bank transfer (automatic),77.24,1319.7,No
8158-ETZRP,Male,0,No,No,3,Yes,Yes,Fiber optic,No,Yes,No,Yes,Yes,Yes,Month-to-month,Yes,Credit card (automatic),108.1,325.11,Yes
2458-KVRRQ,Female,1,Yes,Yes,41,Yes,No,DSL,Yes,Yes,Yes,No,Yes,No,Two year,No,Electronic check,80.08,3290.31,No
7537-XHDTL,Female,0,Yes,No,48,Yes,No,Fiber optic,No,Yes,Yes,Yes,Yes,No,One year,Yes,Credit card (automatic),98.37,4721.23,Yes
3946-VJCPC,Male,0,No,No,64,Yes,No,DSL,Yes,No,Yes,No,No,No,Two year,No,Electronic check,64.34,4119.54,No
2931-GUULJ,Male,0,Yes,Yes,40,Yes,Yes,DSL,No,No,No,Yes,No,No,Two year,Yes,Electronic check,67.42,2705.32,No
5637-VJOSY,Female,1,No,No,16,Yes,Yes,DSL,Yes,No,Yes,Yes,No,Yes,Month-to-month,Yes,Mailed check,85.91,1371.67,No
7662-HOAZY,Male,0,No,No,42,Yes,Yes,No,No internet service,No internet service,No internet service,No internet service,No internet service,No internet service,One year,No,Credit card (automatic),33.69,1410.15,No
9637-LOLQB,Female,1,Yes,No,1,Yes,Yes,Fiber optic,No,Yes,Yes,No,Yes,Yes,Month-to-month,Yes,Credit card (automatic),108.47,105.3,No
1717-XINKU,Male,0,No,No,7,No,No phone service,DSL,No,No,No,Yes,No,Yes,Month-to-month,No,Credit card (automatic),57.59,393.76,Yes
5737-HUKVM,Female,0,Yes,No,40,Yes,No,DSL,Yes,Yes,No,No,Yes,Yes,One year,Yes,Credit card (automatic),80.35,3214.34,No
4710-VQXQY,Female,0,Yes,No,66,Yes,No,No,No internet service,No internet service,No internet service,No internet service,No internet service,No internet service,Two year,Yes,Credit card (automatic),30.84,2039.21,No
6362-IGIRC,Male,0,Yes,Yes,52,Yes,No,No,No internet service,No internet service,No internet service,No internet service,No internet service,No internet service,Two year,No,Mailed check,31.48,1634.59,No
6755-CMKSF,Female,0,No,No,42,Yes,Yes,DSL,Yes,No,No,No,Yes,No,One year,Yes,Electronic check,71.12,2990.16,No
3226-HZGBX,Female,0,No,No,46,Yes,No,No,No internet service,No internet service,No internet service,No internet service,No internet service,No internet service,Two year,Yes,Credit card (automatic),28.25,1305.28,No
1235-VYIWM,Female,0,Yes,No,1,Yes,No,Fiber optic,No,Yes,Yes,Yes,No,Yes,Month-to-month,Yes,Bank transfer (automatic),97.29,95.38,Yes
3143-WEKSB,Female,0,No,No,13,Yes,Yes,Fiber optic,Yes,No,Yes,Yes,Yes,Yes,One year,Yes,Mailed check,113.82,1485.62,Yes
8837-SMKTP,Female,1,Yes,Yes,1,Yes,Yes,Fiber optic,Yes,No,No,No,Yes,Yes,Month-to-month,No,Electronic check,99.54,101.32,No
8883-SZDWE,Female,0,Yes,No,25,Yes,Yes,Fiber optic,No,No,Yes,No,Yes,Yes,Month-to-month,No,Mailed check,99.27,2482.33,Yes
8843-ILSSW,Male,0,No,No,46,No,No phone service,Fiber optic,Yes,No,No,Yes,No,Yes,One year,Yes,Mailed check,83.52,3849.49,Yes
5396-BRLHJ,Female,0,Yes,No,56,Yes,Yes,Fiber optic,Yes,Yes,Yes,Yes,No,No,One year,No,Credit card (automatic),101.41,5681.38,No
2390-LXKFR,Male,0,Yes,Yes,12,Yes,No,No,No internet service,No internet service,No internet service,No internet service,No internet service,No internet service,Month-to-month,No,Electronic check,32.49,386.95,Yes
9894-BWPKG,Male,0,Yes,Yes,3,Yes,Yes,No,No internet service,No internet service,No internet service,No internet service,No internet service,No internet service,Month-to-month,Yes,Mailed check,34.33,110.87,Yes
4760-WAWWU,Male,0,No,No,66,Yes,No,Fiber optic,Yes,No,No,Yes,No,No,Two year,Yes,Bank transfer (automatic),84.31,5563.01,No
4444-VWRMQ,Female,0,Yes,Yes,34,Yes,No,Fiber optic,Yes,Yes,Yes,No,No,No,One year,No,Credit card (automatic),92.94,3160.51,No
1998-HZMSV,Male,0,No,No,41,Yes,No,DSL,No,Yes,Yes,Yes,No,No,One year,Yes,Mailed check,72.52,2979.95,No
8365-EGOCZ,Female,1,Yes,No,16,Yes,Yes,Fiber optic,Yes,Yes,Yes,Yes,Yes,Yes,Month-to-month,No,Electronic check,114.93,1832.39,Yes
2032-RKLCX,Female,0,Yes,Yes,14,Yes,No,Fiber optic,Yes,No,No,Yes,No,Yes,Month-to-month,No,Mailed check,95.49,1332.65,Yes
4997-QCNBM,Female,0,Yes,Yes,17,Yes,No,Fiber optic,Yes,Yes,Yes,Yes,Yes,No,Month-to-month,No,Credit card (automatic),105.58,1784.93,No
5570-YYPLB,Male,0,Yes,Yes,1,No,No phone service,Fiber optic,No,No,No,Yes,Yes,Yes,Month-to-month,No,Credit card (automatic),88.58,84.56,Yes
2479-SXYZA,Female,0,Yes,Yes,45,Yes,No,No,No internet service,No internet service,No internet service,No internet service,No internet service,No internet service,One year,No,Credit card (automatic),28.21,1271.75,No
4189-LOHDN,Female,1,No,No,45,Yes,Yes,Fiber optic,No,Yes,No,No,Yes,No,Two year,Yes,Credit card (automatic),91.9,4134.57,Yes
8446-XAPDY,Male,0,No,No,11,Yes,Yes,DSL,No,Yes,No,Yes,Yes,No,Month-to-month,No,Electronic check,79.92,876.34,Yes
2929-LLSRD,Female,0,Yes,No,44,Yes,Yes,Fiber optic,No,Yes,No,Yes,No,No,One year,Yes,Mailed check,91.02,4004.43,Yes
2219-LVWXG,Female,0,Yes,Yes,33,Yes,No,No,No internet service,No internet service,No internet service,No internet service,No internet service,No internet service,One year,Yes,Electronic check,29.59,982.06,Yes
3318-DWMAO,Male,1,No,No,27,Yes,No,No,No internet service,No internet service,No internet service,No internet service,No internet service,No internet service,Month-to-month,Yes,Electronic check,30.3,812.33,Yes
8700-ZNXPX,Female,1,Yes,Yes,18,Yes,Yes,DSL,Yes,No,No,Yes,Yes,Yes,Month-to-month,No,Electronic check,85.95,1555.78,No
7113-ABUYQ,Male,1,No,No,26,No,No phone service,DSL,Yes,No,Yes,Yes,No,Yes,Month-to-month,Yes,Electronic check,69.72,1807.27,No
8218-BOFAB,Female,0,Yes,Yes,1,Yes,Yes,No,No internet service,No internet service,No internet service,No internet service,No internet service,No internet service,Month-to-month,No,Bank transfer (automatic),35.81,32.35,Yes
3307-UNKOF,Female,0,No,No,58,Yes,No,DSL,Yes,No,Yes,Yes,No,Yes,Two year,No,Electronic check,77.07,4475.47,No
1581-GBJOP,Male,0,Yes,Yes,3,Yes,No,Fiber optic,No,No,Yes,No,Yes,No,Month-to-month,Yes,Credit card (automatic),90.31,280.51,Yes
8033-LPFSG,Female,0,Yes,No,1,No,No phone service,DSL,No,Yes,No,No,No,Yes,Month-to-month,Yes,Bank transfer (automatic),57.67,56.58,Yes
5533-SKLIC,Female,1,Yes,No,50,Yes,Yes,DSL,No,No,Yes,Yes,No,No,Two year,No,Electronic check,72.45,3614.49,Yes
2640-MNKPR,Male,0,No,No,4,Yes,No,Fiber optic,No,Yes,Yes,Yes,Yes,No,Month-to-month,No,Bank transfer (automatic),100.6,398.7,No
5391-SCEAC,Male,0,No,No,30,Yes,No,Fiber optic,Yes,Yes,Yes,No,Yes,Yes,One year,Yes,Bank transfer (automatic),105.07,3156.49,Yes
6685-ZRRGQ,Female,1,No,No,35,Yes,No,Fiber optic,Yes,No,Yes,Yes,No,Yes,Two year,No,Bank transfer (automatic),99.22,3480.97,No
2077-BZHRF,Female,0,Yes,Yes,57,Yes,Yes,Fiber optic,Yes,No,No,Yes,Yes,Yes,Two year,Yes,Bank transfer (automatic),104.32,5947.1,No
2536-YZIPX,Female,0,Yes,No,13,Yes,No,DSL,Yes,Yes,No,No,Yes,Yes,Month-to-month,Yes,Credit card (automatic),81.85,1065.6,No
7517-OYXOB,Female,0,No,No,5,Yes,Yes,No,No internet service,No internet service,No internet service,No internet service,No internet service,No internet service,Month-to-month,No,Bank transfer (automatic),36.47,174.86,No
4568-ROHPZ,Female,0,Yes,Yes,7,Yes,No,Fiber optic,Yes,No,No,Yes,Yes,Yes,Month-to-month,No,Electronic check,99.36,689.77,Yes
5179-DKHLG,Male,0,Yes,Yes,54,Yes,No,Fiber optic,Yes,Yes,Yes,Yes,Yes,No,One year,No,Electronic check,102.78,5540.23,No
9863-OKGAX,Male,1,No,No,25,Yes,Yes,No,No internet service,No internet service,No internet service,No internet service,No internet service,No internet service,Month-to-month,No,Electronic check,34.41,863.82,No
8479-IWOUO,Female,0,Yes,Yes,43,Yes,No,Fiber optic,No,Yes,No,Yes,Yes,Yes,Two year,Yes,Mailed check,102.99,4436.26,Yes
7062-JEGZX,Male,1,No,No,1,Yes,No,No,No internet service,No internet service,No internet service,No internet service,No internet service,No internet service,One year,No,Mailed check,31.57,32.58,Yes
8068-SEQPR,Male,0,Yes,No,27,No,No phone service,Fiber optic,Yes,No,Yes,No,Yes,Yes,Month-to-month,Yes,Mailed check,91.68,2472.01,Yes
6127-OMZER,Female,0,Yes,No,11,Yes,No,DSL,Yes,No,Yes,Yes,No,Yes,One year,Yes,Credit card (automatic),80.5,891.57,Yes
6095-WRZDS,Female,0,Yes,Yes,19,Yes,No,Fiber optic,Yes,Yes,Yes,Yes,Yes,No,One year,Yes,Bank transfer (automatic),103.44,1960.94,Yes
3157-YWTBZ,Female,0,Yes,No,42,Yes,Yes,Fiber optic,Yes,Yes,Yes,Yes,No,Yes,One year,Yes,Mailed check,106.65,4478.08,Yes
3083-SCJFX,Male,0,No,No,39,Yes,Yes,DSL,No,No,No,Yes,Yes,Yes,One year,Yes,Mailed check,83.67,3261.93,No
7518-XCNDB,Male,0,Yes,Yes,24,Yes,Yes,DSL,No,No,No,Yes,Yes,Yes,Month-to-month,Yes,Electronic check,80.32,1934.52,No
5520-BKEOU,Male,0,No,No,55,Yes,Yes,DSL,No,No,No,No,No,No,Two year,No,Electronic check,59.92,3299.61,No
2378-OUJBP,Female,0,Yes,Yes,22,Yes,Yes,Fiber optic,No,Yes,Yes,No,No,Yes,Month-to-month,Yes,Credit card (automatic),96.84,2124.28,No
7313-DWDHD,Male,0,Yes,No,46,Yes,No,No,No internet service,No internet service,No internet service,No internet service,No internet service,No internet service,Two year,Yes,Mailed check,28.51,1311.75,No
1643-NMZYQ,Female,1,Yes,No,3,No,No phone service,No,No internet service,No internet service,No internet service,No internet service,No internet service,No internet service,Month-to-month,No,Credit card (automatic),19.32,51.98,Yes
4922-XSZHL,Male,0,Yes,Yes,4,Yes,Yes,DSL,No,Yes,Yes,Yes,Yes,Yes,Month-to-month,No,Bank transfer (automatic),93.24,373.54,Yes
7125-ZGWUK,Female,0,No,No,39,Yes,No,Fiber optic,No,Yes,No,Yes,No,No,One year,Yes,Bank transfer (automatic),84.97,3322.45,No
9237-JULXD,Male,0,No,No,1,Yes,Yes,Fiber optic,No,No,Yes,No,Yes,No,Month-to-month,Yes,Bank transfer (automatic),94.93,92.35,Yes
5949-VEWGL,Female,1,No,No,48,Yes,Yes,No,No internet service,No internet service,No internet service,No internet service,No internet service,No internet service,Two year,Yes,Credit card (automatic),33.61,1619.55,Yes
5338-QPGXY,Male,0,No,No,8,Yes,Yes,Fiber optic,Yes,No,No,Yes,No,Yes,Month-to-month,Yes,Electronic check,96.15,772.11,Yes
9121-YVXDD,Female,0,No,No,12,Yes,No,No,No internet service,No internet service,No internet service,No internet service,No internet service,No internet service,Month-to-month,Yes,Mailed check,29.81,367.11,Yes
3887-LXUGV,Female,1,No,No,49,Yes,Yes,DSL,Yes,No,No,Yes,Yes,No,One year,Yes,Mailed check,78.89,3863.62,No
4085-FAHBV,Female,0,No,No,3,No,No phone service,Fiber optic,Yes,Yes,No,No,Yes,Yes,Month-to-month,Yes,Mailed check,91.42,277.91,Yes
2076-IIRYD,Male,0,Yes,No,57,Yes,Yes,Fiber optic,Yes,No,Yes,No,Yes,Yes,Two year,Yes,Mailed check,105.89,6032.65,No
9488-UESPE,Female,0,No,No,11,Yes,No,Fiber optic,No,Yes,Yes,Yes,Yes,Yes,Month-to-month,No,Credit card (automatic),105.13,1158.75,No
3855-AJMSX,Male,0,Yes,Yes,39,Yes,Yes,DSL,No,Yes,No,No,Yes,Yes,Two year,Yes,Credit card (automatic),79.23,3083.72,No
2979-TUVFB,Male,0,Yes,Yes,37,Yes,Yes,DSL,Yes,Yes,No,No,No,No,One year,No,Credit card (automatic),69.0,2551.85,Yes
3378-FZFRD,Male,0,Yes,No,6,Yes,No,No,No internet service,No internet service,No internet service,No internet service,No internet service,No internet service,Month-to-month,Yes,Mailed check,29.73,188.19,No
3527-SRRWE,Female,0,No,No,20,Yes,No,DSL,Yes,No,Yes,No,Yes,No,Month-to-month,No,Mailed check,71.33,1429.56,Yes
5449-KUHVA,Female,0,No,No,43,Yes,No,Fiber optic,Yes,Yes,Yes,Yes,No,Yes,One year,Yes,Electronic check,103.54,4447.96,Yes
8758-RKIHM,Female,0,Yes,No,1,No,No phone service,No,No internet service,No internet service,No internet service,No internet service,No internet service,No internet service,Month-to-month,No,Bank transfer (automatic),18.43,27.98,Yes
2269-OXILA,Male,0,No,No,5,Yes,Yes,DSL,No,No,No,No,Yes,Yes,Month-to-month,Yes,Electronic check,78.06,380.66,Yes
3593-RBWMD,Male,1,Yes,No,60,Yes,No,DSL,No,No,No,No,Yes,No,Two year,Yes,Mailed check,63.13,3795.66,No
4037-DQRAY,Female,0,No,No,20,Yes,Yes,No,No internet service,No internet service,No internet service,No internet service,No internet service,No internet service,One year,No,Bank transfer (automatic),34.02,682.45,No
7262-IEYRU,Female,0,Yes,Yes,58,Yes,Yes,DSL,No,Yes,No,No,No,No,Two year,No,Credit card (automatic),67.0,3881.68,Yes
1818-AKOKI,Female,0,No,No,46,Yes,No,DSL,No,Yes,No,Yes,No,No,Month-to-month,Yes,Electronic check,64.28,2953.49,Yes
5002-JSMAT,Female,0,Yes,No,47,Yes,Yes,No,No internet service,No internet service,No internet service,No internet service,No internet service,No internet service,One year,No,Bank transfer (automatic),33.69,1587.35,Yes
4373-BJMAJ,Male,0,Yes,Yes,8,Yes,No,DSL,No,Yes,Yes,No,No,No,Month-to-month,No,Bank transfer (automatic),67.61,539.16,Yes
5891-ZTWYH,Male,0,No,No,25,Yes,No,No,No internet service,No internet service,No internet service,No internet service,No internet service,No internet service,Month-to-month,No,Credit card (automatic),30.85,773.32,Yes
4972-VYGPH,Female,0,No,No,43,Yes,Yes,DSL,Yes,Yes,Yes,No,No,Yes,Two year,No,Credit card (automatic),84.62,3633.03,No
9735-QWPYC,Male,1,Yes,No,57,Yes,No,Fiber optic,Yes,Yes,Yes,Yes,No,Yes,Two year,Yes,Bank transfer (automatic),105.5,6013.87,No
7763-JMPWD,Male,1,No,No,15,Yes,No,Fiber optic,No,No,Yes,Yes,Yes,Yes,Month-to-month,No,Mailed check,103.49,1559.84,Yes
2880-FWIKJ,Female,0,No,No,45,Yes,No,No,No internet service,No internet service,No internet service,No internet service,No internet service,No internet service,One year,No,Credit card (automatic),32.85,1469.83,No
4578-YGJHG,Female,0,Yes,Yes,42,Yes,No,Fiber optic,Yes,Yes,No,Yes,Yes,No,One year,Yes,Mailed check,96.17,4034.11,Yes
5796-EKRAG,Female,0,No,No,30,Yes,No,No,No internet service,No internet service,No internet service,No internet service,No internet service,No internet service,Month-to-month,No,Electronic check,28.16,850.63,No
6141-SXOHT,Male,1,Yes,No,42,No,No phone service,DSL,No,No,Yes,No,No,Yes,One year,No,Bank transfer (automatic),57.04,2392.05,Yes
9791-UVYEV,Female,0,No,No,7,Yes,No,No,No internet service,No internet service,No internet service,No internet service,No internet service,No internet service,Month-to-month,No,Mailed check,28.99,195.6,No
4830-AAIOC,Male,0,Yes,Yes,18,Yes,No,Fiber optic,No,No,Yes,Yes,No,No,Month-to-month,Yes,Electronic check,85.19,1531.96,Yes
6691-TIXBH,Female,0,Yes,No,12,Yes,Yes,Fiber optic,No,No,Yes,Yes,Yes,Yes,Month-to-month,Yes,Mailed check,104.23,1251.56,Yes
1268-CSYRD,Male,0,Yes,Yes,1,Yes,No,Fiber optic,No,No,Yes,No,No,No,Month-to-month,No,Credit card (automatic),78.53,84.26,Yes
3996-YBJON,Female,1,No,No,43,Yes,No,Fiber optic,Yes,Yes,Yes,No,Yes,No,One year,Yes,Bank transfer (automatic),99.56,4289.38,Yes
3415-YMQLU,Male,0,Yes,Yes,63,Yes,Yes,Fiber optic,Yes,No,Yes,Yes,No,No,Two year,No,Electronic check,96.35,6077.87,No
8445-WWMSU,Male,0,No,No,12,Yes,No,Fiber optic,No,Yes,No,Yes,No,Yes,Month-to-month,Yes,Mailed check,95.53,1155.27,Yes
5092-FLEJH,Male,1,Yes,Yes,55,Yes,No,DSL,No,Yes,Yes,Yes,Yes,Yes,Month-to-month,No,Bank transfer (automatic),85.51,4710.59,No
5992-NNNPI,Female,0,Yes,Yes,26,Yes,No,DSL,No,Yes,No,Yes,No,No,One year,Yes,Mailed check,64.99,1692.43,Yes
6186-KGLMI,Male,0,No,No,2,Yes,Yes,Fiber optic,No,Yes,No,No,Yes,Yes,Month-to-month,No,Mailed check,99.14,195.66,Yes
3583-DHBYY,Female,0,Yes,No,39,Yes,No,No,No internet service,No internet service,No internet service,No internet service,No internet service,No internet service,Month-to-month,Yes,Mailed check,30.32,1186.88,Yes
7694-EQHTE,Female,0,No,No,1,Yes,Yes,DSL,No,Yes,Yes,Yes,Yes,Yes,Month-to-month,No,Electronic check,89.22,90.7,Yes
4677-SEVCW,Male,0,Yes,No,16,Yes,No,Fiber optic,Yes,No,Yes,No,No,No,One year,No,Bank transfer (automatic),87.47,1391.6,Yes
9697-IOBIH,Male,0,Yes,Yes,12,Yes,No,Fiber optic,No,No,Yes,No,No,No,Month-to-month,No,Bank transfer (automatic),82.73,990.75,Yes
2945-PSFRC,Male,0,No,No,6,Yes,Yes,Fiber optic,Yes,Yes,Yes,Yes,No,Yes,Month-to-month,Yes,Mailed check,109.06,655.0,Yes
2847-HMNWU,Male,1,No,No,44,Yes,No,DSL,No,Yes,Yes,Yes,Yes,Yes,Two year,Yes,Credit card (automatic),86.11,3779.26,No
3754-SBJFE,Female,0,No,No,9,Yes,Yes,No,No internet service,No internet service,No internet service,No internet service,No internet service,No internet service,Month-to-month,Yes,Electronic check,34.63,305.26,Yes
9674-XOAJR,Female,0,Yes,No,41,Yes,Yes,No,No internet service,No internet service,No internet service,No internet service,No internet service,No internet service,Two year,Yes,Credit card (automatic),35.67,1461.11,No
8145-YWEOX,Female,0,Yes,Yes,37,Yes,Yes,DSL,No,Yes,No,Yes,No,No,Month-to-month,Yes,Credit card (automatic),70.76,2627.42,Yes
2218-ERUFF,Male,1,Yes,Yes,58,Yes,Yes,DSL,No,No,Yes,No,No,No,Two year,Yes,Electronic check,65.11,3778.96,Yes
3736-AXNCR,Female,0,Yes,No,7,Yes,No,DSL,No,Yes,No,Yes,No,No,Month-to-month,Yes,Mailed check,65.71,455.95,Yes
3919-TASTS,Female,0,No,No,35,Yes,Yes,Fiber optic,No,Yes,Yes,No,No,Yes,One year,Yes,Mailed check,97.72,3414.67,Yes
8129-QALHD,Male,0,No,No,13,Yes,No,No,No internet service,No internet service,No internet service,No internet service,No internet service,No internet service,Month-to-month,Yes,Bank transfer (automatic),28.31,366.79,No
8936-AAULR,Female,0,No,No,32,Yes,No,Fiber optic,No,No,Yes,Yes,No,Yes,One year,Yes,Mailed check,92.44,2957.25,No
6625-FTNNZ,Female,0,Yes,Yes,25,Yes,Yes,No,No internet service,No internet service,No internet service,No internet service,No internet service,No internet service,Month-to-month,No,Credit card (automatic),37.38,931.03,Yes
1514-EDLKH,Male,1,Yes,Yes,1,Yes,No,Fiber optic,Yes,Yes,Yes,Yes,Yes,No,Month-to-month,Yes,Mailed check,104.09,108.83,Yes
2736-OKWAY,Female,0,Yes,Yes,15,Yes,No,Fiber optic,No,No,Yes,No,Yes,Yes,Month-to-month,No,Bank transfer (automatic),95.94,1431.04,Yes
4138-VZRXH,Female,0,No,No,2,No,No phone service,No,No internet service,No internet service,No internet service,No internet service,No internet service,No internet service,Month-to-month,No,Electronic check,20.65,34.54,No
1572-AQFJR,Male,0,No,No,7,Yes,No,DSL,Yes,Yes,No,No,No,No,Month-to-month,No,Credit card (automatic),67.09,467.11,Yes
1632-JUDII,Female,0,Yes,Yes,9,Yes,Yes,Fiber optic,Yes,Yes,Yes,Yes,No,Yes,Month-to-month,Yes,Bank transfer (automatic),108.2,964.39,Yes
8870-XHHUJ,Male,0,No,No,58,Yes,Yes,No,No internet service,No internet service,No internet service,No internet service,No internet service,No internet service,Two year,Yes,Bank transfer (automatic),33.03,1922.35,No
5709-IJCSW,Male,1,Yes,Yes,68,Yes,Yes,Fiber optic,Yes,No,Yes,Yes,No,No,Two year,Yes,Bank transfer (automatic),95.68,6507.15,Yes
6677-OSIIE,Female,0,No,No,58,Yes,No,Fiber optic,Yes,No,Yes,No,No,No,One year,No,Credit card (automatic),83.33,4829.86,Yes
1772-JPGLH,Male,0,Yes,Yes,31,Yes,No,No,No internet service,No internet service,No internet service,No internet service,No internet service,No internet service,One year,No,Bank transfer (automatic),28.56,891.15,No
6839-PSZLG,Male,1,Yes,Yes,26,Yes,Yes,Fiber optic,Yes,Yes,Yes,No,Yes,Yes,Month-to-month,No,Mailed check,113.13,2941.8,Yes
3985-LAMNE,Male,0,Yes,Yes,26,Yes,Yes,Fiber optic,No,No,Yes,No,Yes,No,Month-to-month,Yes,Credit card (automatic),94.46,2454.13,No
4484-YSMUN,Male,0,Yes,Yes,5,Yes,Yes,Fiber optic,No,No,No,No,Yes,No,Month-to-month,Yes,Credit card (automatic),90.67,455.2,Yes
2069-ZFVDP,Female,0,No,No,1,Yes,No,No,No internet service,No internet service,No internet service,No internet service,No internet service,No internet service,Month-to-month,Yes,Electronic check,31.45,23.69,Yes
6575-MPNGY,Female,0,Yes,No,70,Yes,No,Fiber optic,No,Yes,No,No,No,No,Two year,No,Credit card (automatic),80.91,5662.46,No
7077-VXISJ,Male,0,Yes,No,51,Yes,Yes,DSL,Yes,No,No,Yes,Yes,No,One year,Yes,Mailed check,79.2,4047.35,No
2342-MYTNX,Female,0,Yes,No,55,Yes,Yes,Fiber optic,No,No,Yes,No,Yes,Yes,Two year,Yes,Mailed check,102.19,5614.65,No
8117-WCCGZ,Female,0,Yes,Yes,40,No,No phone service,DSL,Yes,Yes,Yes,Yes,No,No,One year,Yes,Bank transfer (automatic),64.58,2584.41,No
7929-PFUCV,Female,0,Yes,No,11,Yes,Yes,Fiber optic,No,Yes,Yes,No,Yes,Yes,Month-to-month,Yes,Mailed check,107.94,1178.94,Yes
9726-DOMDW,Female,1,No,No,19,Yes,Yes,No,No internet service,No internet service,No internet service,No internet service,No internet service,No internet service,Month-to-month,No,Bank transfer (automatic),37.13,711.42,No
3015-BIWHS,Male,0,No,No,6,No,No phone service,DSL,No,Yes,No,No,Yes,No,Month-to-month,Yes,Bank transfer (automatic),58.55,353.29,Yes
4424-JUBAI,Female,0,No,No,1,Yes,No,No,No internet service,No internet service,No internet service,No internet service,No internet service,No internet service,Month-to-month,Yes,Mailed check,28.43,25.12,Yes
7153-GMEJW,Male,0,Yes,Yes,51,Yes,Yes,No,No internet service,No internet service,No internet service,No internet service,No internet service,No internet service,Two year,No,Mailed check,35.36,1796.99,Yes
3595-OKTJA,Male,0,Yes,Yes,49,Yes,Yes,DSL,No,Yes,Yes,Yes,No,No,Two year,No,Mailed check,74.67,3666.27,No
5908-KGZZA,Male,1,Yes,Yes,30,Yes,No,Fiber optic,Yes,No,Yes,Yes,No,No,One year,No,Credit card (automatic),88.58,2662.5,Yes
6193-UYOOB,Female,0,Yes,No,21,Yes,No,DSL,No,No,No,No,Yes,Yes,Month-to-month,No,Bank transfer (automatic),71.69,1513.35,Yes
9043-DGFQL,Male,0,No,No,50,Yes,No,Fiber optic,Yes,Yes,No,Yes,Yes,No,Month-to-month,Yes,Credit card (automatic),98.22,4915.95,No
4644-TFHMA,Female,1,Yes,No,17,Yes,Yes,DSL,No,Yes,No,Yes,Yes,Yes,Month-to-month,Yes,Bank transfer (automatic),85.32,1443.78,Yes
5292-BWWGC,Male,0,No,No,1,Yes,Yes,Fiber optic,Yes,No,No,Yes,Yes,Yes,Month-to-month,No,Credit card (automatic),107.45,114.23,Yes
4524-EJUVQ,Male,0,No,No,49,Yes,Yes,DSL,Yes,No,No,Yes,No,Yes,Two year,No,Bank transfer (automatic),80.33,3937.66,No
3907-JZVUE,Male,0,Yes,Yes,35,Yes,Yes,No,No internet service,No internet service,No internet service,No internet service,No internet service,No internet service,Two year,Yes,Bank transfer (automatic),34.91,1220.48,No
4524-BAOLQ,Male,0,Yes,No,3,Yes,No,Fiber optic,Yes,No,No,Yes,Yes,No,Month-to-month,Yes,Electronic check,91.05,272.45,Yes
1491-BMDYO,Male,1,No,No,5,Yes,No,Fiber optic,Yes,Yes,Yes,No,Yes,Yes,Month-to-month,Yes,Mailed check,106.7,531.11,Yes
9344-MBKDD,Female,0,No,No,2,Yes,Yes,Fiber optic,No,Yes,Yes,Yes,No,Yes,Month-to-month,Yes,Bank transfer (automatic),102.22,195.52,No
4695-THUXE,Male,1,No,No,2,Yes,No,DSL,Yes,Yes,No,Yes,Yes,Yes,Month-to-month,Yes,Bank transfer (automatic),87.71,174.34,No
3953-JARKQ,Female,1,Yes,Yes,7,Yes,No,Fiber optic,No,Yes,Yes,No,No,No,Month-to-month,Yes,Bank transfer (automatic),83.56,575.66,Yes
2809-IYPVE,Female,0,No,No,14,No,No phone service,DSL,No,No,No,No,No,No,Month-to-month,Yes,Credit card (automatic),44.9,619.78,Yes
9610-HLATL,Male,0,Yes,No,51,Yes,Yes,DSL,Yes,No,No,Yes,Yes,No,Two year,Yes,Mailed check,77.97,3985.71,No
4233-UZHGL,Female,0,Yes,No,3,Yes,No,Fiber optic,No,No,No,Yes,Yes,Yes,Month-to-month,Yes,Mailed check,95.0,289.54,Yes
3431-WJIWT,Male,1,Yes,No,64,Yes,No,Fiber optic,No,No,Yes,Yes,Yes,Yes,Two year,Yes,Electronic check,99.61,6367.42,No
1379-PWCOT,Male,0,Yes,No,15,Yes,No,DSL,No,Yes,No,Yes,No,No,Month-to-month,Yes,Electronic check,67.71,1022.98,Yes
8864-ZKBAP,Female,0,Yes,Yes,68,Yes,Yes,DSL,No,Yes,Yes,Yes,No,Yes,Month-to-month,No,Bank transfer (automatic),84.47,5740.55,Yes
6063-DAQUR,Male,0,No,No,48,Yes,No,No,No internet service,No internet service,No internet service,No internet service,No internet service,No internet service,One year,Yes,Electronic check,30.23,1448.54,No
5102-HXHKL,Male,1,Yes,Yes,13,Yes,Yes,Fiber optic,Yes,Yes,Yes,Yes,Yes,No,One year,Yes,Bank transfer (automatic),110.84,1433.91,No
3305-AJXMR,Male,0,No,No,25,Yes,Yes,No,No internet service,No internet service,No internet service,No internet service,No internet service,No internet service,One year,Yes,Mailed check,37.76,938.45,No
1285-ACQZO,Male,0,No,No,41,Yes,Yes,Fiber optic,No,Yes,Yes,No,No,Yes,One year,Yes,Credit card (automatic),96.57,3950.0,Yes
3832-FGKBD,Male,0,No,No,28,Yes,Yes,DSL,Yes,Yes,Yes,No,Yes,No,Month-to-month,Yes,Electronic check,84.27,2354.85,Yes
7131-ATLIY,Female,0,Yes,No,54,Yes,Yes,Fiber optic,Yes,No,No,Yes,No,No,Month-to-month,No,Electronic check,88.54,4772.92,Yes
6995-MTQFT,Female,0,No,No,45,Yes,No,Fiber optic,Yes,No,No,Yes,Yes,No,One year,No,Mailed check,95.13,4284.21,Yes
8422-ZNWSK,Female,0,No,No,46,No,No phone service,Fiber optic,Yes,No,Yes,No,No,No,One year,Yes,Bank transfer (automatic),76.95,3535.57,Yes
2319-RPQJA,Male,0,No,No,16,Yes,No,DSL,No,Yes,Yes,Yes,No,No,Month-to-month,No,Bank transfer (automatic),68.27,1096.84,No
7199-OYDIQ,Female,0,No,No,25,Yes,No,DSL,Yes,Yes,No,No,No,Yes,One year,No,Electronic check,74.35,1861.0,No
9957-ONMAR,Male,0,No,No,13,Yes,No,No,No internet service,No internet service,No internet service,No internet service,No internet service,No internet service,Month-to-month,Yes,Mailed check,31.62,411.62,Yes
7877-NZKWA,Male,0,Yes,Yes,33,Yes,No,DSL,No,Yes,No,Yes,Yes,Yes,Two year,No,Electronic check,82.54,2714.84,No
9648-LVGDS,Female,1,Yes,Yes,4,Yes,Yes,DSL,Yes,No,Yes,Yes,Yes,No,Month-to-month,Yes,Electronic check,82.05,336.58,Yes
2913-GTMCV,Female,1,Yes,No,52,Yes,Yes,DSL,No,Yes,No,Yes,No,No,One year,No,Bank transfer (automatic),72.34,3770.11,No
2262-FLFNS,Male,0,Yes,No,15,Yes,No,No,No internet service,No internet service,No internet service,No internet service,No internet service,No internet service,Month-to-month,Yes,Electronic check,30.36,460.99,Yes
1921-SMYCA,Male,0,No,No,1,No,No phone service,DSL,Yes,Yes,Yes,No,No,No,Month-to-month,Yes,Electronic check,60.68,60.38,Yes
1660-LKWXA,Female,0,No,No,42,Yes,No,Fiber optic,Yes,Yes,Yes,No,No,Yes,One year,No,Mailed check,97.07,4074.85,Yes
2991-KAZPT,Female,0,No,No,17,Yes,No,DSL,Yes,No,No,No,Yes,No,Month-to-month,No,Electronic check,67.23,1149.9,No
6974-SYYCB,Male,0,No,No,57,Yes,No,No,No internet service,No internet service,No internet service,No internet service,No internet service,No internet service,Two year,Yes,Credit card (automatic),32.64,1854.83,No
9563-TXEWS,Male,0,Yes,No,66,Yes,No,DSL,Yes,Yes,Yes,Yes,No,Yes,Two year,No,Electronic check,85.07,5610.95,No
3414-CXJST,Female,0,No,No,21,Yes,Yes,Fiber optic,Yes,No,Yes,No,Yes,Yes,One year,Yes,Electronic check,108.1,2277.71,Yes
9170-KTENV,Female,0,Yes,Yes,20,Yes,No,Fiber optic,No,Yes,Yes,Yes,No,No,One year,Yes,Electronic check,88.67,1775.25,No
9155-NIGJY,Male,0,No,No,18,Yes,No,Fiber optic,Yes,Yes,No,No,No,No,Month-to-month,No,Credit card (automatic),86.87,1563.03,Yes
2059-LAFVM,Female,0,No,No,1,Yes,No,Fiber optic,Yes,No,Yes,Yes,Yes,No,Month-to-month,Yes,Mailed check,98.65,104.18,No
5857-VVNIL,Male,0,Yes,No,10,Yes,No,No,No internet service,No internet service,No internet service,No internet service,No internet service,No internet service,Month-to-month,No,Credit card (automatic),32.91,336.97,Yes
9457-VZLLD,Female,0,No,No,61,Yes,Yes,DSL,No,Yes,Yes,No,Yes,No,Two year,Yes,Mailed check,77.79,4737.7,No
8065-SVPKR,Male,0,No,No,6,Yes,Yes,Fiber optic,Yes,Yes,No,No,Yes,No,Month-to-month,Yes,Electronic check,99.44,605.51,Yes
3372-MPTYI,Female,0,No,No,5,Yes,No,DSL,Yes,No,No,No,Yes,No,Month-to-month,Yes,Credit card (automatic),68.5,339.28,Yes
8148-WPWGU,Female,1,Yes,Yes,61,Yes,Yes,Fiber optic,No,Yes,Yes,Yes,Yes,Yes,Month-to-month,No,Mailed check,111.41,,Yes
8615-VQMPZ,Male,0,Yes,No,55,Yes,No,Fiber optic,Yes,No,No,No,Yes,Yes,Two year,Yes,Electronic check,98.18,5409.01,Yes
3935-EXTZZ,Male,1,No,No,7,Yes,No,Fiber optic,No,No,Yes,Yes,No,Yes,Month-to-month,No,Credit card (automatic),93.32,660.98,Yes
4539-UCYLU,Female,0,Yes,Yes,25,Yes,Yes,Fiber optic,No,No,Yes,No,No,No,One year,Yes,Electronic check,87.32,2181.81,Yes
8267-LGOOY,Male,0,No,No,12,Yes,Yes,Fiber optic,No,No,Yes,Yes,Yes,Yes,Month-to-month,Yes,Mailed check,108.96,1307.39,Yes
2425-EOVFQ,Female,0,No,No,63,Yes,No,Fiber optic,No,No,No,No,Yes,No,Two year,No,Bank transfer (automatic),82.78,5209.25,No
7121-ASNOH,Male,0,No,No,1,No,No phone service,DSL,No,Yes,Yes,Yes,Yes,Yes,Month-to-month,Yes,Mailed check,76.98,70.3,Yes
7085-UYWGA,Female,0,Yes,No,13,Yes,Yes,No,No internet service,No internet service,No internet service,No internet service,No internet service,No internet service,Month-to-month,Yes,Mailed check,34.24,438.59,No
5008-JBVXU,Female,0,Yes,Yes,52,Yes,Yes,DSL,No,No,No,Yes,Yes,No,Two year,Yes,Bank transfer (automatic),74.48,3867.12,Yes
5023-FEWKE,Female,1,Yes,Yes,1,Yes,Yes,DSL,Yes,Yes,No,No,Yes,Yes,Month-to-month,No,Electronic check,86.22,82.89,Yes
6129-XPPYD,Male,0,No,No,12,Yes,No,Fiber optic,No,No,No,No,Yes,Yes,Month-to-month,No,Credit card (automatic),89.91,1084.42,Yes
2522-OXIZC,Male,0,No,No,42,Yes,Yes,DSL,Yes,No,No,Yes,No,Yes,Two year,No,Bank transfer (automatic),78.37,3284.56,No
7531-GCXSX,Female,1,Yes,Yes,5,Yes,Yes,Fiber optic,No,No,Yes,No,Yes,Yes,Month-to-month,Yes,Electronic check,99.31,500.37,Yes
6810-ACFUC,Male,0,Yes,No,58,Yes,No,Fiber optic,Yes,No,No,Yes,No,No,Two year,No,Mailed check,87.85,5095.33,Yes
5167-QRSOC,Male,0,Yes,Yes,14,Yes,No,Fiber optic,Yes,No,No,No,Yes,Yes,Month-to-month,No,Mailed check,96.94,1366.88,Yes
2560-JQBIS,Female,0,No,No,23,Yes,No,Fiber optic,No,Yes,Yes,No,No,No,One year,Yes,Mailed check,83.09,1911.23,Yes
3053-RUJYW,Female,0,Yes,No,33,Yes,Yes,Fiber optic,Yes,Yes,No,Yes,Yes,Yes,One year,Yes,Credit card (automatic),109.84,3632.38,Yes
3819-OETWQ,Male,0,Yes,No,19,Yes,No,Fiber optic,Yes,No,Yes,Yes,Yes,No,Month-to-month,Yes,Credit card (automatic),96.2,1826.0,Yes
6614-VBPLE,Female,0,Yes,Yes,38,Yes,Yes,DSL,Yes,Yes,Yes,Yes,No,Yes,Month-to-month,Yes,Mailed check,86.67,3289.42,Yes
2422-YFWSK,Male,0,Yes,Yes,45,Yes,No,Fiber optic,No,No,No,Yes,No,Yes,Two year,Yes,Credit card (automatic),90.35,4063.57,Yes
9613-SJAIM,Male,0,Yes,Yes,2,Yes,Yes,Fiber optic,Yes,Yes,Yes,Yes,No,Yes,Month-to-month,Yes,Bank transfer (automatic),107.42,206.7,Yes
3248-YSKHV,Male,0,Yes,Yes,34,Yes,No,Fiber optic,No,No,No,Yes,No,Yes,Two year,No,Bank transfer (automatic),86.9,2964.09,No
8021-VMWCO,Male,0,No,No,30,Yes,Yes,Fiber optic,Yes,No,Yes,Yes,Yes,No,Month-to-month,Yes,Credit card (automatic),102.54,3081.63,Yes
9129-EGLIF,Female,0,No,No,14,Yes,Yes,DSL,Yes,No,No,No,Yes,No,Month-to-month,No,Mailed check,73.09,1024.62,Yes
8661-ENTGQ,Male,0,Yes,No,56,Yes,No,No,No internet service,No internet service,No internet service,No internet service,No internet service,No internet service,Two year,Yes,Bank transfer (automatic),28.87,1614.54,No
6263-UPVAU,Female,0,No,No,9,Yes,Yes,Fiber optic,No,No,No,Yes,No,Yes,Month-to-month,Yes,Bank transfer (automatic),92.38,830.56,Yes
7146-CTVZJ,Female,0,No,No,1,Yes,Yes,Fiber optic,No,Yes,No,Yes,No,No,Month-to-month,No,Electronic check,90.6,96.93,Yes
1549-YDMSO,Male,1,No,No,18,Yes,No,DSL,No,Yes,No,Yes,No,No,Month-to-month,No,Credit card (automatic),63.17,1145.05,Yes
5062-LXPGA,Female,0,Yes,Yes,26,Yes,Yes,No,No internet service,No internet service,No internet service,No internet service,No internet service,No internet service,One year,Yes,Mailed check,33.92,875.59,No
8788-XQUPU,Female,0,No,No,64,Yes,No,Fiber optic,Yes,No,No,Yes,No,Yes,Two year,Yes,Mailed check,94.48,6050.59,No
9252-TZAVU,Female,0,No,No,47,Yes,Yes,Fiber optic,Yes,No,Yes,No,No,Yes,Two year,Yes,Credit card (automatic),99.41,4671.13,No
4374-EBBTP,Male,0,Yes,No,7,Yes,Yes,Fiber optic,Yes,No,Yes,Yes,No,No,Month-to-month,No,Mailed check,96.86,672.69,Yes
1099-NVIGK,Female,1,Yes,No,39,Yes,Yes,Fiber optic,Yes,Yes,No,No,Yes,Yes,Month-to-month,Yes,Credit card (automatic),106.25,4153.63,Yes
2040-QVLAG,Male,0,No,No,9,Yes,No,Fiber optic,Yes,Yes,Yes,Yes,No,Yes,Month-to-month,Yes,Electronic check,102.93,923.91,Yes
4633-RIQPT,Male,1,No,No,47,Yes,Yes,No,No internet service,No internet service,No internet service,No internet service,No internet service,No internet service,Two year,No,Electronic check,34.64,1622.07,No
1759-CBPEQ,Male,0,Yes,Yes,29,Yes,Yes,No,No internet service,No internet service,No internet service,No internet service,No internet service,No internet service,Month-to-month,Yes,Electronic check,35.27,1020.87,Yes
7793-OQUVV,Female,0,Yes,No,7,Yes,Yes,Fiber optic,No,Yes,No,No,Yes,Yes,Month-to-month,Yes,Electronic check,101.11,709.62,Yes
7305-WEMKA,Male,0,Yes,Yes,37,Yes,Yes,Fiber optic,Yes,No,Yes,No,No,No,One year,Yes,Credit card (automatic),91.15,3366.23,Yes
9551-RWXCA,Female,0,Yes,Yes,49,Yes,No,DSL,Yes,No,Yes,Yes,Yes,Yes,Two year,Yes,Mailed check,84.04,4118.99,No
8394-KVSGJ,Female,1,No,No,14,Yes,No,Fiber optic,Yes,No,Yes,No,No,Yes,Month-to-month,No,Credit card (automatic),92.28,,Yes
8202-UUHAG,Female,0,No,No,49,Yes,Yes,Fiber optic,Yes,No,No,No,Yes,No,Two year,Yes,Credit card (automatic),93.06,4569.92,No
4781-LJUPQ,Female,0,Yes,Yes,24,Yes,No,No,No internet service,No internet service,No internet service,No internet service,No internet service,No internet service,Month-to-month,No,Mailed check,28.67,679.09,Yes
9592-KEKQA,Female,0,No,No,48,No,No phone service,Fiber optic,No,Yes,Yes,No,No,Yes,One year,Yes,Mailed check,82.08,3944.87,No
7550-OMMPJ,Female,1,Yes,Yes,67,Yes,Yes,Fiber optic,No,Yes,Yes,No,Yes,Yes,Two year,No,Electronic check,104.77,7012.11,Yes
1072-XHBZS,Female,1,Yes,No,44,Yes,Yes,Fiber optic,Yes,No,Yes,Yes,No,Yes,Month-to-month,Yes,Credit card (automatic),102.61,4522.86,No
8701-DPOQV,Female,0,Yes,Yes,41,Yes,Yes,Fiber optic,Yes,Yes,Yes,No,Yes,Yes,One year,Yes,Credit card (automatic),113.97,4671.33,No
2676-QGXKX,Male,0,No,No,3,Yes,Yes,Fiber optic,Yes,Yes,No,No,Yes,Yes,Month-to-month,Yes,Credit card (automatic),106.05,326.88,Yes
6459-ZDTXQ,Female,0,Yes,Yes,8,Yes,No,DSL,No,No,Yes,Yes,No,Yes,Month-to-month,No,Mailed check,73.41,589.65,No
2588-AMMQB,Female,1,No,No,1,Yes,Yes,Fiber optic,Yes,Yes,No,Yes,Yes,No,Month-to-month,Yes,Credit card (automatic),101.2,97.17,Yes
5815-WIWHP,Female,0,Yes,Yes,9,No,No phone service,Fiber optic,No,Yes,Yes,No,Yes,Yes,Month-to-month,No,Credit card (automatic),91.07,811.15,Yes
2168-UQZRW,Female,1,Yes,No,1,Yes,No,DSL,Yes,No,No,No,Yes,No,Month-to-month,Yes,Electronic check,68.79,65.87,Yes
6674-OCTCX,Female,0,No,No,47,Yes,Yes,Fiber optic,Yes,No,Yes,No,No,Yes,One year,Yes,Electronic check,98.94,4658.03,No
6103-IIOZZ,Male,0,Yes,Yes,72,Yes,Yes,DSL,Yes,No,No,Yes,Yes,Yes,Two year,Yes,Credit card (automatic),87.42,6289.81,No
1344-RNAKE,Female,1,No,No,50,Yes,No,DSL,Yes,Yes,Yes,No,No,Yes,Two year,Yes,Mailed check,79.02,3950.37,No
1338-NNBTL,Male,0,No,No,1,No,No phone service,DSL,Yes,Yes,Yes,Yes,Yes,No,Month-to-month,No,Electronic check,71.46,75.07,No
7386-JCNOO,Female,0,No,No,63,Yes,Yes,Fiber optic,Yes,No,Yes,No,No,Yes,Month-to-month,Yes,Bank transfer (automatic),97.13,6127.29,No
8799-MHSHS,Male,0,Yes,No,51,Yes,Yes,Fiber optic,No,Yes,No,No,Yes,No,Two year,No,Bank transfer (automatic),93.11,4754.46,No
7687-DKGSO,Male,0,Yes,Yes,1,Yes,No,Fiber optic,Yes,Yes,No,No,No,Yes,Month-to-month,Yes,Credit card (automatic),93.58,84.55,No
1849-KBKLA,Male,1,Yes,No,7,Yes,Yes,DSL,Yes,Yes,Yes,Yes,Yes,Yes,Month-to-month,Yes,Mailed check,97.2,673.26,Yes
5297-IRTLJ,Female,0,No,No,2,Yes,Yes,DSL,Yes,No,Yes,Yes,No,Yes,Month-to-month,Yes,Credit card (automatic),82.74,171.77,Yes
5837-RGHQY,Male,0,No,No,41,Yes,No,DSL,Yes,Yes,Yes,Yes,Yes,No,One year,Yes,Bank transfer (automatic),83.65,3425.32,No
5636-TKKWP,Female,1,No,No,2,Yes,Yes,No,No internet service,No internet service,No internet service,No internet service,No internet service,No internet service,Month-to-month,Yes,Credit card (automatic),34.9,64.49,No
2680-VVIKL,Female,0,Yes,No,18,No,No phone service,No,No internet service,No internet service,No internet service,No internet service,No internet service,No internet service,One year,Yes,Mailed check,18.98,347.64,Yes
9257-JBYRB,Male,0,Yes,Yes,4,Yes,No,Fiber optic,No,Yes,No,No,Yes,No,Month-to-month,Yes,Bank transfer (automatic),87.51,344.22,Yes
6039-LGSZT,Female,0,No,No,51,Yes,No,DSL,Yes,No,No,Yes,Yes,No,Two year,Yes,Bank transfer (automatic),75.24,3835.33,No
6408-KDGWS,Female,0,No,No,37,Yes,Yes,DSL,No,No,Yes,Yes,Yes,No,Two year,No,Electronic check,78.71,2907.16,Yes
2642-OEPLG,Male,0,Yes,No,47,Yes,No,Fiber optic,Yes,Yes,Yes,No,No,No,One year,Yes,Mailed check,89.61,4216.93,No
8539-JWQGL,Male,0,Yes,Yes,57,Yes,No,No,No internet service,No internet service,No internet service,No internet service,No internet service,No internet service,Two year,No,Electronic check,28.68,1638.48,Yes
2538-GZBQF,Male,0,No,No,7,Yes,No,Fiber optic,No,Yes,Yes,Yes,No,No,Month-to-month,No,Electronic check,89.64,622.85,Yes
7373-BYIOP,Male,0,Yes,Yes,10,Yes,No,No,No internet service,No internet service,No internet service,No internet service,No internet service,No internet service,Month-to-month,No,Mailed check,29.07,283.79,No
8086-ZSDDL,Female,0,Yes,Yes,1,Yes,Yes,DSL,No,No,No,No,Yes,No,Month-to-month,Yes,Bank transfer (automatic),66.26,63.83,Yes
6131-ENHQC,Male,0,No,No,68,Yes,Yes,Fiber optic,No,No,Yes,No,No,No,Two year,Yes,Credit card (automatic),85.27,5791.11,No
1039-VLEVG,Female,0,No,No,6,Yes,No,Fiber optic,No,No,Yes,No,No,No,Month-to-month,Yes,Credit card (automatic),81.23,481.56,Yes
4564-ZSOMO,Female,0,Yes,Yes,11,No,No phone service,Fiber optic,No,Yes,No,No,Yes,No,Month-to-month,Yes,Mailed check,76.71,842.15,No
5859-FDFPX,Male,1,Yes,No,18,Yes,Yes,DSL,Yes,No,No,No,Yes,No,Month-to-month,Yes,Electronic check,71.91,1293.39,Yes
3676-DFPNX,Female,0,Yes,Yes,27,Yes,No,DSL,Yes,Yes,Yes,Yes,No,No,One year,Yes,Bank transfer (automatic),73.34,1980.62,No
2262-ZFSOJ,Female,0,No,No,72,Yes,No,Fiber optic,No,No,No,No,Yes,Yes,Two year,No,Credit card (automatic),89.77,6461.34,Yes
9896-BWKJD,Male,0,No,No,4,No,No phone service,Fiber optic,No,No,No,No,No,No,Month-to-month,Yes,Bank transfer (automatic),67.44,266.8,No
3820-GLABN,Female,0,No,No,12,Yes,Yes,DSL,No,Yes,No,Yes,No,No,One year,Yes,Bank transfer (automatic),68.53,815.86,Yes
5956-GUPMH,Male,0,Yes,Yes,4,Yes,No,Fiber optic,Yes,Yes,No,No,Yes,Yes,Month-to-month,Yes,Mailed check,101.04,395.07,Yes
5387-EFQBB,Female,0,Yes,Yes,51,Yes,No,DSL,Yes,Yes,No,Yes,No,Yes,Two year,No,Credit card (automatic),78.98,4035.34,No
8978-DHZOC,Female,0,No,No,34,Yes,No,Fiber optic,No,Yes,No,Yes,No,No,One year,No,Credit card (automatic),84.5,2873.19,No
6273-MQFGA,Female,0,Yes,Yes,29,No,No phone service,DSL,Yes,Yes,No,No,Yes,Yes,Two year,No,Electronic check,70.77,2052.94,No
3292-IHVAE,Female,1,Yes,Yes,37,Yes,No,No,No internet service,No internet service,No internet service,No internet service,No internet service,No internet service,One year,Yes,Credit card (automatic),30.3,1123.29,No
2862-RBXTZ,Male,0,Yes,No,50,Yes,No,Fiber optic,No,Yes,No,Yes,Yes,Yes,Two year,Yes,Credit card (automatic),99.16,4960.86,No
7172-STEKM,Male,1,No,No,3,Yes,Yes,DSL,No,No,Yes,Yes,Yes,No,Month-to-month,Yes,Electronic check,78.34,235.03,Yes
3403-XVVOK,Male,0,Yes,Yes,16,Yes,Yes,Fiber optic,Yes,No,Yes,No,Yes,Yes,One year,No,Mailed check,106.36,1708.31,Yes
8019-IHUOQ,Male,0,No,No,1,Yes,No,DSL,No,No,Yes,No,No,No,Month-to-month,Yes,Mailed check,60.97,52.52,No
9923-ORVTM,Male,0,Yes,Yes,7,Yes,No,No,No internet service,No internet service,No internet service,No internet service,No internet service,No internet service,Month-to-month,Yes,Credit card (automatic),28.84,208.42,Yes
5318-OLFAE,Male,0,No,No,14,Yes,Yes,Fiber optic,No,Yes,Yes,Yes,Yes,No,Month-to-month,No,Electronic check,101.77,1426.12,Yes
9568-QWUCT,Male,0,No,No,46,Yes,No,Fiber optic,No,Yes,Yes,Yes,No,Yes,One year,Yes,Mailed check,98.95,4544.58,Yes
4784-FXNYL,Female,0,No,No,56,No,No phone service,Fiber optic,Yes,No,Yes,No,No,No,Two year,Yes,Credit card (automatic),77.31,4335.02,No
4129-IRAMG,Male,0,Yes,Yes,3,Yes,Yes,No,No internet service,No internet service,No internet service,No internet service,No internet service,No internet service,Month-to-month,No,Bank transfer (automatic),35.2,113.7,Yes
2533-NQRTN,Female,0,No,No,3,Yes,Yes,DSL,Yes,Yes,No,Yes,No,No,Month-to-month,No,Electronic check,76.76,239.0,No
6287-WFNLI,Female,0,Yes,No,48,Yes,No,DSL,No,No,Yes,Yes,Yes,No,One year,No,Bank transfer (automatic),72.79,3494.17,Yes
8750-OHXZV,Female,0,No,No,7,No,No phone service,DSL,Yes,Yes,No,Yes,Yes,No,Month-to-month,Yes,Credit card (automatic),68.53,473.88,Yes
9162-JSEXR,Female,0,No,No,60,No,No phone service,DSL,Yes,Yes,Yes,Yes,No,No,Two year,No,Bank transfer (automatic),66.21,3982.52,No
3868-HJZJO,Female,0,No,No,44,Yes,Yes,No,No internet service,No internet service,No internet service,No internet service,No internet service,No internet service,One year,No,Mailed check,34.5,1523.89,No
5171-KSIQJ,Female,0,No,No,1,Yes,Yes,Fiber optic,No,Yes,No,Yes,No,Yes,Month-to-month,No,Mailed check,96.38,99.67,Yes
2176-QYXCU,Female,0,No,No,9,Yes,Yes,DSL,No,Yes,No,No,No,Yes,Month-to-month,No,Mailed check,73.96,670.02,Yes
7636-HQGFY,Male,0,No,No,14,No,No phone service,Fiber optic,Yes,No,Yes,Yes,Yes,No,Month-to-month,Yes,Credit card (automatic),86.62,1217.61,No
7780-LCDIK,Male,0,Yes,Yes,3,Yes,Yes,No,No internet service,No internet service,No internet service,No internet service,No internet service,No internet service,Month-to-month,Yes,Mailed check,34.34,104.79,Yes
4420-SZOXM,Male,1,No,No,68,Yes,No,No,No internet service,No internet service,No internet service,No internet service,No internet service,No internet service,Two year,Yes,Bank transfer (automatic),29.38,1995.91,No
1440-QFUJL,Female,0,No,No,39,Yes,Yes,DSL,No,Yes,Yes,No,Yes,No,Two year,No,Credit card (automatic),77.09,3007.86,No
6844-TQXQJ,Male,0,No,No,1,Yes,No,DSL,No,Yes,No,Yes,Yes,Yes,Month-to-month,No,Bank transfer (automatic),79.01,72.59,No
6624-BSFYZ,Female,0,No,No,49,Yes,No,DSL,No,Yes,Yes,Yes,Yes,No,Two year,Yes,Mailed check,80.78,3949.54,No
5521-JTCRH,Male,1,Yes,Yes,40,Yes,No,No,No internet service,No internet service,No internet service,No internet service,No internet service,No internet service,One year,Yes,Credit card (automatic),30.95,1234.34,Yes
1132-HPHLQ,Female,1,Yes,Yes,14,Yes,No,Fiber optic,Yes,Yes,Yes,No,Yes,Yes,Month-to-month,Yes,Electronic check,105.62,1487.45,Yes
8096-MKQYA,Male,0,Yes,Yes,5,Yes,No,No,No internet service,No internet service,No internet service,No internet service,No internet service,No internet service,Month-to-month,Yes,Mailed check,29.65,147.33,Yes
9977-QAWVR,Male,0,Yes,Yes,39,Yes,Yes,Fiber optic,Yes,No,Yes,Yes,Yes,Yes,One year,Yes,Credit card (automatic),113.37,4430.97,No
6490-XAIVE,Male,1,Yes,Yes,17,Yes,Yes,Fiber optic,Yes,No,Yes,No,No,Yes,Month-to-month,Yes,Credit card (automatic),98.12,1663.04,No
9508-DDDAZ,Male,0,Yes,Yes,41,Yes,No,DSL,No,Yes,Yes,Yes,Yes,Yes,One year,Yes,Mailed check,85.28,3492.61,Yes
2655-FQJNY,Male,0,Yes,Yes,17,Yes,No,Fiber optic,No,No,No,Yes,Yes,No,Month-to-month,Yes,Credit card (automatic),87.49,1493.41,Yes
8015-UEPLF,Male,0,No,No,25,Yes,No,Fiber optic,No,Yes,No,No,Yes,No,Month-to-month,No,Bank transfer (automatic),88.02,2205.99,Yes
3909-ZZKVO,Male,0,No,No,17,No,No phone service,Fiber optic,No,Yes,Yes,No,No,No,Month-to-month,Yes,Credit card (automatic),76.91,1304.86,Yes
7076-EWUYY,Female,0,No,No,72,Yes,No,No,No internet service,No internet service,No internet service,No internet service,No internet service,No internet service,Two year,Yes,Credit card (automatic),28.64,2064.76,No
6555-TEFXT,Female,0,Yes,Yes,58,Yes,Yes,Fiber optic,Yes,No,No,Yes,Yes,No,Two year,Yes,Bank transfer (automatic),98.05,5683.47,No
5036-RAUKN,Female,0,Yes,No,69,Yes,Yes,Fiber optic,No,Yes,No,Yes,Yes,Yes,Two year,Yes,Mailed check,107.47,7407.2,No
9144-UMJME,Male,0,No,No,45,Yes,No,DSL,No,Yes,Yes,No,No,Yes,Two year,Yes,Electronic check,75.9,3413.46,Yes
5879-ULEQV,Male,0,No,No,37,Yes,No,DSL,Yes,Yes,Yes,No,Yes,No,One year,Yes,Credit card (automatic),80.1,2958.95,No
2309-ZCQSJ,Female,0,Yes,No,2,Yes,Yes,DSL,No,Yes,Yes,No,Yes,Yes,Month-to-month,Yes,Credit card (automatic),84.54,166.08,Yes
1451-CUGPT,Male,0,Yes,Yes,52,Yes,No,Fiber optic,Yes,No,No,No,Yes,No,Month-to-month,Yes,Electronic check,87.41,4551.83,Yes
5346-CBBLP,Male,1,No,No,8,No,No phone service,No,No internet service,No internet service,No internet service,No internet service,No internet service,No internet service,Month-to-month,Yes,Credit card (automatic),18.05,140.06,No
2360-UBIXE,Male,1,No,No,9,Yes,Yes,DSL,No,Yes,Yes,Yes,Yes,No,Month-to-month,Yes,Mailed check,82.29,748.52,No
5953-OXZFF,Female,1,No,No,28,Yes,Yes,Fiber optic,No,Yes,Yes,No,Yes,Yes,One year,Yes,Credit card (automatic),104.49,2929.76,Yes
9118-DWUCR,Male,0,No,No,24,No,No phone service,Fiber optic,Yes,Yes,Yes,No,Yes,Yes,Month-to-month,Yes,Credit card (automatic),98.26,2354.22,Yes
8939-YBYFL,Female,0,No,No,8,Yes,Yes,DSL,Yes,Yes,Yes,Yes,No,No,Month-to-month,No,Electronic check,81.29,647.9,Yes
5690-EQDHB,Male,1,No,No,12,Yes,Yes,No,No internet service,No internet service,No internet service,No internet service,No internet service,No internet service,Month-to-month,Yes,Credit card (automatic),37.83,447.67,Yes
9976-GIEIT,Female,0,Yes,Yes,35,Yes,No,Fiber optic,No,Yes,No,No,No,No,Month-to-month,Yes,Bank transfer (automatic),80.53,2828.19,Yes
1956-ACZSI,Female,0,No,No,34,Yes,No,No,No internet service,No internet service,No internet service,No internet service,No internet service,No internet service,Month-to-month,No,Bank transfer (automatic),32.43,1109.65,Yes
2415-LKDQK,Male,0,Yes,Yes,36,Yes,Yes,No,No internet service,No internet service,No internet service,No internet service,No internet service,No internet service,One year,Yes,Bank transfer (automatic),33.56,1202.61,No
7194-NYKEB,Female,0,Yes,No,1,Yes,No,Fiber optic,No,Yes,No,Yes,No,Yes,Month-to-month,Yes,Electronic check,93.36,86.73,Yes
2823-DWRDD,Male,0,Yes,Yes,17,Yes,No,Fiber optic,No,Yes,Yes,No,No,Yes,One year,Yes,Electronic check,91.2,1555.43,Yes
2897-FXCDG,Male,0,No,No,50,Yes,No,Fiber optic,Yes,Yes,Yes,Yes,No,No,Two year,Yes,Bank transfer (automatic),97.78,4890.13,Yes
8608-NAYAB,Female,1,No,No,27,No,No phone service,No,No internet service,No internet service,No internet service,No internet service,No internet service,No internet service,Month-to-month,No,Bank transfer (automatic),19.21,510.21,Yes
3068-UNXYG,Female,0,No,No,21,Yes,Yes,Fiber optic,Yes,Yes,Yes,Yes,Yes,No,Month-to-month,Yes,Bank transfer (automatic),108.49,2286.54,Yes
1408-RFOUR,Male,0,No,No,57,Yes,Yes,Fiber optic,No,Yes,No,No,No,No,Two year,No,Bank transfer (automatic),85.96,4895.84,No
9924-TEXAK,Female,0,Yes,No,38,Yes,Yes,No,No internet service,No internet service,No internet service,No internet service,No internet service,No internet service,Two year,Yes,Credit card (automatic),33.07,1247.99,Yes
6432-KGLHL,Male,1,No,No,1,Yes,No,Fiber optic,Yes,Yes,No,Yes,No,Yes,Month-to-month,Yes,Mailed check,99.18,99.42,Yes
7528-QEPKH,Female,0,No,No,23,Yes,Yes,DSL,No,Yes,No,Yes,Yes,Yes,Month-to-month,No,Mailed check,85.06,1956.63,No
5487-CSISI,Female,0,No,No,1,Yes,No,DSL,No,No,Yes,No,Yes,No,Month-to-month,Yes,Credit card (automatic),66.07,61.62,Yes
2006-GTFDU,Female,0,Yes,No,27,Yes,Yes,Fiber optic,No,Yes,Yes,No,Yes,Yes,One year,No,Credit card (automatic),104.92,2840.47,No
2485-LCHED,Male,1,Yes,Yes,54,Yes,Yes,DSL,Yes,No,Yes,Yes,No,No,Two year,No,Credit card (automatic),77.29,4180.34,No
3067-VTZDF,Male,0,No,No,42,Yes,No,DSL,Yes,Yes,Yes,Yes,No,Yes,Month-to-month,No,Electronic check,81.53,3419.05,Yes
7122-QMMPA,Male,0,No,No,2,Yes,No,No,No internet service,No internet service,No internet service,No internet service,No internet service,No internet service,Month-to-month,Yes,Bank transfer (automatic),29.88,64.12,Yes
9064-BTJPA,Female,0,Yes,Yes,14,Yes,No,DSL,Yes,Yes,Yes,Yes,No,No,Month-to-month,Yes,Electronic check,74.42,1039.42,Yes
5717-VLUDH,Female,0,Yes,No,1,Yes,No,No,No internet service,No internet service,No internet service,No internet service,No internet service,No internet service,Month-to-month,Yes,Credit card (automatic),31.56,28.36,Yes
8715-QTBAO,Male,0,No,No,27,Yes,Yes,DSL,No,Yes,Yes,Yes,Yes,Yes,Month-to-month,Yes,Electronic check,90.95,2458.17,Yes
8238-AQMLI,Male,1,No,No,55,Yes,No,No,No internet service,No internet service,No internet service,No internet service,No internet service,No internet service,Two year,Yes,Electronic check,32.35,1776.82,No
5660-QJFMC,Male,0,Yes,Yes,6,Yes,Yes,Fiber optic,No,No,Yes,Yes,Yes,Yes,Month-to-month,Yes,Bank transfer (automatic),106.19,639.13,Yes
7227-JFZTN,Female,1,Yes,No,2,Yes,No,Fiber optic,Yes,No,Yes,Yes,Yes,Yes,Month-to-month,Yes,Bank transfer (automatic),107.34,205.29,Yes
6785-ELHLW,Male,0,No,No,22,Yes,Yes,Fiber optic,No,Yes,No,No,No,Yes,Month-to-month,No,Mailed check,93.45,2062.59,Yes
6144-YKMKN,Female,0,Yes,Yes,36,Yes,No,DSL,No,Yes,Yes,No,No,Yes,One year,Yes,Credit card (automatic),73.89,2669.45,No
7276-NICVB,Female,0,No,No,7,Yes,No,DSL,Yes,Yes,No,Yes,No,Yes,Month-to-month,Yes,Bank transfer (automatic),80.33,553.77,Yes
5934-LUJAD,Male,0,No,No,2,Yes,Yes,Fiber optic,No,No,No,No,Yes,No,Month-to-month,Yes,Bank transfer (automatic),89.49,170.02,Yes
4771-QNCLR,Male,0,Yes,Yes,59,Yes,Yes,DSL,Yes,No,No,Yes,No,No,Two year,Yes,Credit card (automatic),68.06,4009.48,No
3303-WUVLA,Male,0,Yes,Yes,68,No,No phone service,Fiber optic,Yes,No,No,Yes,No,No,Two year,No,Mailed check,74.02,5038.41,No
8395-RJYNY,Female,0,Yes,No,30,Yes,No,No,No internet service,No internet service,No internet service,No internet service,No internet service,No internet service,One year,No,Bank transfer (automatic),31.03,926.62,No
3180-AZXHS,Male,1,Yes,Yes,57,Yes,Yes,No,No internet service,No internet service,No internet service,No internet service,No internet service,No internet service,Two year,No,Mailed check,34.87,1994.09,No
1014-CXHCI,Male,0,Yes,Yes,5,Yes,Yes,DSL,No,No,Yes,Yes,No,Yes,Month-to-month,Yes,Electronic check,77.74,386.4,Yes
2242-RVEQC,Male,0,No,No,12,Yes,Yes,No,No internet service,No internet service,No internet service,No internet service,No internet service,No internet service,Month-to-month,Yes,Electronic check,33.52,400.31,No
7249-HCVLG,Male,0,Yes,Yes,1,Yes,Yes,DSL,No,Yes,No,Yes,No,Yes,Month-to-month,Yes,Credit card (automatic),78.12,84.1,No
2848-COVKJ,Male,0,Yes,Yes,22,Yes,Yes,Fiber optic,No,Yes,No,Yes,No,Yes,One year,Yes,Electronic check,98.94,2175.12,Yes
3456-OGYZP,Male,0,No,No,69,Yes,Yes,DSL,Yes,No,No,No,Yes,Yes,Two year,No,Bank transfer (automatic),83.65,5770.41,No
4408-AWFDN,Male,1,No,No,1,Yes,No,No,No internet service,No internet service,No internet service,No internet service,No internet service,No internet service,Month-to-month,Yes,Mailed check,29.28,20.67,Yes
2003-EDNYL,Male,1,No,No,16,Yes,Yes,DSL,No,Yes,Yes,No,Yes,Yes,Month-to-month,No,Credit card (automatic),86.35,1390.0,No
2899-DTHIS,Female,0,No,No,13,Yes,Yes,DSL,Yes,No,Yes,Yes,Yes,Yes,Month-to-month,No,Bank transfer (automatic),89.7,1162.0,Yes
4548-XZJRW,Female,0,Yes,No,1,Yes,No,DSL,Yes,No,Yes,No,No,No,Month-to-month,Yes,Credit card (automatic),65.01,64.12,Yes
7187-NGHGA,Female,1,No,No,52,No,No phone service,DSL,No,No,Yes,No,Yes,Yes,Two year,Yes,Electronic check,66.9,3484.0,No
1217-LJHRK,Male,0,Yes,Yes,36,No,No phone service,DSL,Yes,Yes,Yes,Yes,No,Yes,Month-to-month,Yes,Electronic check,73.52,2639.41,Yes
4423-RVXPW,Male,0,No,No,61,Yes,Yes,Fiber optic,No,No,Yes,Yes,Yes,No,Two year,Yes,Credit card (automatic),98.85,6036.21,No
9279-YZKHV,Male,1,Yes,Yes,70,No,No phone service,DSL,No,Yes,No,No,No,Yes,Two year,No,Mailed check,57.55,4029.27,Yes
3727-ZMDAV,Male,1,No,No,34,Yes,Yes,DSL,No,No,Yes,No,Yes,Yes,Month-to-month,Yes,Bank transfer (automatic),80.4,2740.08,Yes
2876-KQSWS,Male,0,No,No,42,Yes,Yes,Fiber optic,No,Yes,Yes,Yes,Yes,Yes,Month-to-month,No,Electronic check,111.63,4690.36,Yes
8264-NSVIV,Male,0,Yes,Yes,32,No,No phone service,DSL,Yes,No,Yes,Yes,Yes,Yes,One year,No,Mailed check,77.17,2467.78,Yes
7840-KNQNV,Male,0,No,No,33,Yes,No,Fiber optic,No,No,No,No,Yes,No,One year,No,Mailed check,81.37,2691.77,No
1595-ZRYRT,Male,0,No,No,49,Yes,Yes,Fiber optic,No,No,Yes,Yes,Yes,No,Two year,Yes,Credit card (automatic),99.03,4851.96,No
6832-QTCVL,Male,0,No,No,70,Yes,Yes,No,No internet service,No internet service,No internet service,No internet service,No internet service,No internet service,Two year,No,Mailed check,35.05,2448.22,No
6857-ASKUQ,Female,0,Yes,No,7,Yes,No,No,No internet service,No internet service,No internet service,No internet service,No internet service,No internet service,Month-to-month,Yes,Electronic check,30.85,219.71,Yes
7505-CKVEO,Male,0,Yes,No,49,Yes,Yes,Fiber optic,Yes,No,No,No,No,No,Two year,Yes,Bank transfer (automatic),87.87,4312.35,No
1408-OEOYN,Female,1,Yes,No,61,No,No phone service,Fiber optic,No,Yes,No,Yes,No,No,Two year,Yes,Mailed check,75.86,4636.53,Yes
6775-WJCNC,Male,0,No,No,28,Yes,Yes,Fiber optic,Yes,No,Yes,Yes,Yes,No,One year,Yes,Mailed check,103.61,2900.02,No
9049-JMBGA,Male,0,Yes,Yes,50,Yes,Yes,DSL,No,Yes,Yes,No,Yes,No,One year,Yes,Electronic check,78.01,3903.36,Yes
3968-EWKFD,Male,0,Yes,Yes,4,No,No phone service,Fiber optic,Yes,Yes,Yes,No,Yes,No,Month-to-month,No,Credit card (automatic),86.69,350.79,Yes
6955-GYTHA,Female,0,Yes,No,3,Yes,No,No,No internet service,No internet service,No internet service,No internet service,No internet service,No internet service,Month-to-month,Yes,Bank transfer (automatic),32.51,101.1,No
5189-BJXUJ,Female,0,No,No,29,Yes,No,Fiber optic,Yes,No,No,No,No,No,Two year,No,Mailed check,81.33,2366.02,No
5860-OWRYR,Female,0,No,No,1,Yes,Yes,DSL,No,No,No,No,Yes,Yes,Month-to-month,Yes,Credit card (automatic),76.36,76.85,Yes
9321-XHEWK,Male,0,No,No,1,Yes,No,No,No internet service,No internet service,No internet service,No internet service,No internet service,No internet service,Month-to-month,No,Bank transfer (automatic),32.33,22.96,Yes
6006-IBZAE,Female,0,Yes,No,43,Yes,No,Fiber optic,Yes,No,Yes,Yes,Yes,No,Two year,Yes,Credit card (automatic),100.53,4329.68,No
5417-QXRZA,Male,1,Yes,Yes,26,No,No phone service,Fiber optic,Yes,No,Yes,Yes,Yes,No,One year,No,Electronic check,89.29,2330.73,Yes
4436-IXDMG,Male,0,No,No,45,Yes,No,DSL,Yes,Yes,Yes,Yes,Yes,Yes,One year,No,Electronic check,90.37,4074.03,Yes
4025-XVDLR,Male,0,No,No,28,Yes,Yes,Fiber optic,No,No,Yes,Yes,No,No,One year,Yes,Electronic check,89.3,2505.53,No
2324-PICRY,Female,0,No,No,28,Yes,Yes,DSL,No,Yes,No,Yes,No,Yes,Month-to-month,Yes,Electronic check,78.08,2180.24,Yes
7312-CVVRV,Female,0,Yes,No,31,Yes,Yes,Fiber optic,Yes,No,Yes,No,Yes,No,One year,Yes,Electronic check,98.95,3076.11,Yes
4834-CVGUG,Female,0,No,No,17,Yes,Yes,Fiber optic,No,No,Yes,No,Yes,Yes,Month-to-month,No,Credit card (automatic),101.2,1723.93,Yes
3838-YFUVN,Male,0,No,No,1,Yes,Yes,DSL,No,Yes,Yes,Yes,No,Yes,Month-to-month,Yes,Bank transfer (automatic),81.23,84.82,Yes
4891-CGMTL,Female,0,Yes,Yes,39,Yes,Yes,Fiber optic,No,No,Yes,Yes,Yes,No,One year,Yes,Bank transfer (automatic),97.13,3793.98,No
3568-RPMRC,Male,0,Yes,No,58,No,No phone service,Fiber optic,Yes,No,No,Yes,No,Yes,Two year,No,Electronic check,85.21,4935.01,No
1877-TMVEC,Male,0,Yes,No,1,Yes,No,Fiber optic,No,No,Yes,Yes,No,Yes,Month-to-month,Yes,Credit card (automatic),93.44,92.28,Yes
2326-JFGIA,Male,1,No,No,11,Yes,Yes,Fiber optic,No,Yes,Yes,No,No,Yes,Month-to-month,Yes,Bank transfer (automatic),98.51,1082.66,Yes
4895-QBAUU,Female,0,No,No,6,Yes,No,Fiber optic,Yes,Yes,Yes,No,Yes,Yes,Month-to-month,Yes,Mailed check,108.15,652.2,Yes
2174-BTCGJ,Male,0,Yes,Yes,36,Yes,Yes,DSL,No,Yes,Yes,Yes,Yes,Yes,One year,No,Credit card (automatic),91.61,3302.43,No
4641-KANRR,Female,0,No,No,53,Yes,No,Fiber optic,No,No,No,No,Yes,Yes,One year,Yes,Bank transfer (automatic),89.65,4746.59,No
1825-ZXLLG,Female,0,Yes,No,3,Yes,No,No,No internet service,No internet service,No internet service,No internet service,No internet service,No internet service,Month-to-month,Yes,Mailed check,30.29,91.45,Yes
2804-WPCGQ,Female,0,No,No,1,Yes,No,Fiber optic,Yes,No,No,No,No,Yes,Month-to-month,No,Credit card (automatic),88.14,79.7,Yes
2905-RRNTW,Male,0,No,No,11,Yes,No,Fiber optic,No,No,Yes,Yes,No,No,Month-to-month,Yes,Credit card (automatic),83.49,919.28,Yes
8828-TVBSF,Female,0,Yes,Yes,55,Yes,No,DSL,Yes,No,No,Yes,Yes,Yes,Two year,Yes,Electronic check,79.36,4363.94,No
5885-ERJHF,Female,0,No,No,34,Yes,No,DSL,No,No,Yes,No,No,No,One year,Yes,Credit card (automatic),60.97,2081.03,No
4546-JOYAH,Male,0,Yes,Yes,55,Yes,Yes,Fiber optic,No,Yes,Yes,Yes,Yes,No,Two year,No,Credit card (automatic),102.65,5640.21,Yes
5329-BTRPC,Female,0,Yes,Yes,1,Yes,Yes,No,No internet service,No internet service,No internet service,No internet service,No internet service,No internet service,Month-to-month,Yes,Electronic check,35.23,36.9,No
7561-QWMRN,Female,0,No,No,9,Yes,No,Fiber optic,Yes,No,Yes,Yes,Yes,No,Month-to-month,Yes,Bank transfer (automatic),98.73,886.75,Yes
7840-JTONC,Male,0,No,No,1,Yes,No,No,No internet service,No internet service,No internet service,No internet service,No internet service,No internet service,Month-to-month,Yes,Mailed check,28.47,26.63,No
3755-PZJJV,Female,1,No,No,20,Yes,Yes,DSL,No,Yes,Yes,Yes,Yes,No,Month-to-month,Yes,Mailed check,84.49,1682.08,Yes
1212-MLMER,Male,1,Yes,No,49,Yes,No,DSL,Yes,Yes,Yes,No,No,No,One year,Yes,Electronic check,69.55,3409.99,Yes
8802-RPTJU,Male,0,No,No,1,No,No phone service,Fiber optic,Yes,Yes,Yes,No,No,Yes,Month-to-month,No,Mailed check,86.73,83.17,No
6603-CVBPT,Female,0,Yes,No,5,Yes,No,DSL,No,No,Yes,Yes,Yes,Yes,Month-to-month,Yes,Electronic check,79.61,398.89,Yes
5278-JCFUG,Male,1,No,No,1,Yes,Yes,Fiber optic,Yes,Yes,No,No,No,Yes,Month-to-month,No,Credit card (automatic),99.48,95.6,Yes
9820-MQXAZ,Male,0,No,No,47,Yes,Yes,DSL,No,Yes,No,No,Yes,Yes,One year,No,Mailed check,83.81,3938.48,No
8419-ASDRS,Male,0,Yes,Yes,19,Yes,Yes,DSL,No,Yes,Yes,Yes,No,Yes,Month-to-month,Yes,Mailed check,83.17,1576.4,Yes
9917-CUHET,Female,1,Yes,Yes,36,Yes,No,DSL,Yes,No,No,No,No,Yes,Month-to-month,Yes,Credit card (automatic),69.29,2504.04,Yes
5488-AUHIJ,Male,0,No,No,34,Yes,No,Fiber optic,Yes,No,No,Yes,Yes,Yes,One year,Yes,Electronic check,102.34,3486.0,Yes
4270-IIGTP,Male,1,Yes,Yes,42,Yes,No,Fiber optic,No,No,Yes,Yes,No,Yes,Two year,Yes,Credit card (automatic),91.47,3836.74,No
9876-UERVU,Female,1,Yes,Yes,46,Yes,Yes,Fiber optic,Yes,No,No,Yes,Yes,No,Month-to-month,No,Mailed check,100.76,4630.11,Yes
2679-YTJXG,Male,0,No,No,37,Yes,Yes,No,No internet service,No internet service,No internet service,No internet service,No internet service,No internet service,One year,Yes,Mailed check,34.92,1294.44,Yes
6402-ILFVA,Female,0,No,No,37,Yes,No,Fiber optic,Yes,Yes,No,No,No,No,One year,Yes,Electronic check,87.2,3225.81,Yes
5237-LUNAT,Female,0,No,No,29,Yes,No,Fiber optic,No,No,No,No,No,No,Month-to-month,Yes,Bank transfer (automatic),75.28,2181.29,Yes
1364-WWLBW,Female,0,Yes,Yes,5,Yes,No,DSL,No,Yes,No,No,No,No,Month-to-month,Yes,Bank transfer (automatic),58.0,286.77,Yes
9276-KACMH,Male,0,Yes,No,62,Yes,No,DSL,No,Yes,No,No,Yes,No,Two year,No,Credit card (automatic),70.28,4358.89,No
8937-IBVTG,Male,0,No,No,19,Yes,Yes,Fiber optic,No,No,Yes,No,Yes,Yes,Month-to-month,Yes,Mailed check,101.69,1939.54,No
8009-TTWHZ,Male,0,Yes,No,5,Yes,Yes,Fiber optic,No,Yes,No,Yes,No,No,Month-to-month,Yes,Electronic check,88.11,432.14,Yes
8197-OJIZP,Male,1,No,No,58,Yes,No,DSL,Yes,No,No,No,No,No,Month-to-month,Yes,Mailed check,59.94,3474.82,Yes
4183-TFHHQ,Female,0,No,No,30,Yes,Yes,Fiber optic,Yes,Yes,Yes,Yes,Yes,Yes,One year,Yes,Credit card (automatic),114.44,3437.48,No
1783-LFDLH,Female,0,No,No,8,Yes,No,No,No internet service,No internet service,No internet service,No internet service,No internet service,No internet service,Month-to-month,No,Credit card (automatic),29.23,231.69,Yes
1674-NXOXM,Female,0,No,No,55,No,No phone service,No,No internet service,No internet service,No internet service,No internet service,No internet service,No internet service,Two year,No,Bank transfer (automatic),21.42,1181.1,No
9231-SDJET,Female,0,Yes,No,24,Yes,No,DSL,No,No,No,No,No,Yes,Month-to-month,Yes,Mailed check,61.11,1473.97,Yes
6811-CPJHB,Female,0,Yes,Yes,38,Yes,Yes,DSL,Yes,No,Yes,No,No,No,Month-to-month,Yes,Mailed check,69.21,2625.79,Yes
5000-NYIRJ,Female,0,Yes,No,16,Yes,No,Fiber optic,No,Yes,Yes,Yes,No,No,Month-to-month,Yes,Electronic check,88.35,1418.31,Yes
6925-VCPTN,Female,0,Yes,Yes,6,Yes,No,DSL,Yes,No,No,No,No,Yes,Month-to-month,Yes,Bank transfer (automatic),68.35,408.6,Yes
7690-NRHMP,Female,0,No,No,56,Yes,Yes,Fiber optic,Yes,No,Yes,No,No,No,Month-to-month,No,Bank transfer (automatic),88.08,4935.32,Yes
3688-SRAES,Female,0,No,No,28,Yes,No,DSL,No,No,Yes,No,Yes,Yes,Month-to-month,Yes,Electronic check,75.77,2115.89,Yes
7365-JIHWF,Male,0,No,No,48,Yes,No,Fiber optic,No,No,Yes,Yes,Yes,No,Two year,No,Bank transfer (automatic),91.52,4401.56,No
3727-XFNQV,Male,0,No,No,13,Yes,No,Fiber optic,No,No,Yes,Yes,Yes,Yes,Month-to-month,No,Electronic check,101.53,1313.65,Yes
9423-JGYKI,Male,0,No,No,4,Yes,Yes,Fiber optic,No,No,No,Yes,No,Yes,Month-to-month,No,Credit card (automatic),92.65,376.75,Yes
2812-JIQFF,Male,0,No,No,6,Yes,Yes,Fiber optic,Yes,Yes,Yes,Yes,No,No,Month-to-month,Yes,Mailed check,101.52,618.76,Yes
3572-CPJMV,Male,0,Yes,Yes,48,Yes,Yes,DSL,No,Yes,No,Yes,Yes,No,Two year,No,Electronic check,76.98,3686.72,No
6838-JWYIB,Male,0,No,No,16,Yes,No,Fiber optic,Yes,Yes,Yes,No,No,No,Month-to-month,No,Bank transfer (automatic),89.6,1431.74,No
8080-GUIXD,Male,0,Yes,Yes,1,No,No phone service,Fiber optic,No,No,Yes,Yes,No,No,Month-to-month,No,Electronic check,73.11,82.54,No
7265-ZJQAX,Male,0,No,No,54,Yes,Yes,Fiber optic,No,Yes,No,Yes,Yes,Yes,Month-to-month,No,Credit card (automatic),105.78,5714.88,Yes
7242-VOJDN,Female,0,Yes,No,33,Yes,Yes,Fiber optic,Yes,No,No,Yes,Yes,No,Month-to-month,Yes,Mailed check,96.79,3184.68,No
8590-XGIMD,Male,0,Yes,Yes,58,Yes,No,Fiber optic,No,Yes,Yes,No,Yes,Yes,Two year,No,Credit card (automatic),99.08,5744.24,No
1469-EYEAU,Female,0,No,No,49,Yes,No,Fiber optic,No,Yes,Yes,No,Yes,No,Two year,Yes,Bank transfer (automatic),92.02,4500.86,No
6806-LDNMN,Female,0,No,No,7,Yes,Yes,No,No internet service,No internet service,No internet service,No internet service,No internet service,No internet service,Month-to-month,Yes,Credit card (automatic),36.3,245.15,No
3261-VACCS,Male,0,Yes,No,24,Yes,No,Fiber optic,No,Yes,Yes,Yes,Yes,Yes,Month-to-month,Yes,Bank transfer (automatic),108.28,2599.14,No
6286-SOYOI,Male,0,Yes,No,27,Yes,No,DSL,Yes,Yes,No,Yes,No,No,Month-to-month,Yes,Electronic check,72.1,1943.33,Yes
7452-MVGNN,Female,0,No,No,1,Yes,Yes,DSL,Yes,No,Yes,Yes,Yes,Yes,Month-to-month,No,Electronic check,91.63,84.72,Yes
1683-LNINH,Female,0,No,No,2,Yes,Yes,DSL,No,No,No,Yes,No,No,Month-to-month,No,Bank transfer (automatic),67.15,133.8,Yes
4785-JFYII,Female,0,Yes,No,41,Yes,No,No,No internet service,No internet service,No internet service,No internet service,No internet service,No internet service,Two year,Yes,Credit card (automatic),32.83,1337.77,No
5769-ZKXYL,Female,0,Yes,No,17,Yes,No,No,No internet service,No internet service,No internet service,No internet service,No internet service,No internet service,Month-to-month,Yes,Mailed check,29.34,496.91,No
2178-TULXP,Female,0,No,No,1,Yes,Yes,DSL,Yes,Yes,No,Yes,Yes,Yes,Month-to-month,Yes,Mailed check,93.19,84.91,Yes
8788-QEXDN,Male,0,Yes,Yes,33,Yes,Yes,Fiber optic,No,No,Yes,Yes,Yes,No,One year,Yes,Mailed check,96.98,3196.34,Yes
6466-WLGUN,Female,0,No,No,1,Yes,No,No,No internet service,No internet service,No internet service,No internet service,No internet service,No internet service,Month-to-month,Yes,Bank transfer (automatic),30.08,20.4,Yes
3527-XBXMG,Female,0,Yes,Yes,9,Yes,No,Fiber optic,Yes,No,No,Yes,Yes,Yes,Month-to-month,No,Bank transfer (automatic),101.04,914.14,No
3515-UJBZW,Female,0,Yes,No,51,Yes,No,Fiber optic,No,No,No,Yes,Yes,Yes,Two year,Yes,Credit card (automatic),95.3,4869.15,No
8826-QGTAO,Male,0,No,No,55,Yes,Yes,Fiber optic,Yes,No,No,No,No,Yes,Two year,Yes,Bank transfer (automatic),92.49,5092.82,No
3706-IRLHO,Male,0,No,No,44,Yes,No,DSL,No,No,No,No,No,No,Month-to-month,No,Electronic check,55.41,2435.27,Yes
5314-QSQHZ,Female,0,No,No,7,Yes,No,No,No internet service,No internet service,No internet service,No internet service,No internet service,No internet service,Month-to-month,No,Mailed check,32.75,233.77,No
5352-TWBKY,Male,0,Yes,Yes,12,Yes,No,DSL,No,Yes,Yes,Yes,Yes,Yes,Month-to-month,No,Bank transfer (automatic),86.31,1042.9,No
5306-GBXGN,Male,0,No,No,4,Yes,No,DSL,No,No,Yes,Yes,No,No,Month-to-month,No,Credit card (automatic),64.55,256.07,Yes
7129-MQIGD,Female,0,No,No,5,Yes,No,No,No internet service,No internet service,No internet service,No internet service,No internet service,No internet service,Month-to-month,Yes,Bank transfer (automatic),32.16,158.04,Yes
7697-KEXNX,Male,0,No,No,40,Yes,Yes,No,No internet service,No internet service,No internet service,No internet service,No internet service,No internet service,One year,No,Bank transfer (automatic),35.22,1404.81,No
5122-KPZQC,Female,0,No,No,8,Yes,Yes,Fiber optic,No,Yes,No,No,No,Yes,Month-to-month,Yes,Mailed check,93.5,743.67,Yes
7593-ALEVC,Male,0,Yes,No,58,Yes,Yes,Fiber optic,No,Yes,No,No,No,Yes,One year,Yes,Credit card (automatic),94.5,5474.56,Yes
6141-RKSCU,Male,0,No,No,53,Yes,Yes,No,No internet service,No internet service,No internet service,No internet service,No internet service,No internet service,Month-to-month,Yes,Mailed check,36.95,1958.09,Yes
6833-SPBBD,Male,0,Yes,No,10,Yes,No,Fiber optic,Yes,Yes,Yes,Yes,No,Yes,Month-to-month,Yes,Credit card (automatic),105.55,1051.7,Yes
6075-ZFKRF,Female,0,No,No,64,Yes,Yes,Fiber optic,No,Yes,Yes,Yes,Yes,No,Month-to-month,No,Mailed check,105.02,6726.76,Yes
6976-ODVNZ,Female,0,No,No,6,Yes,No,Fiber optic,No,Yes,Yes,No,No,Yes,Month-to-month,Yes,Mailed check,94.36,575.3,Yes
3723-BQEWU,Male,0,No,No,21,Yes,Yes,Fiber optic,No,No,No,No,No,No,Month-to-month,No,Bank transfer (automatic),79.89,1675.14,Yes
7140-RIHBN,Female,1,No,No,23,No,No phone service,DSL,Yes,Yes,No,Yes,Yes,Yes,Month-to-month,Yes,Electronic check,77.45,1775.68,No
8026-NUNXW,Male,0,Yes,Yes,9,No,No phone service,DSL,No,Yes,Yes,Yes,No,No,Month-to-month,No,Electronic check,58.56,525.9,Yes
7376-AAMUX,Female,0,Yes,No,60,Yes,No,Fiber optic,No,No,Yes,Yes,No,No,Two year,Yes,Bank transfer (automatic),83.01,4979.02,No
2076-QECDH,Female,0,No,No,37,Yes,No,Fiber optic,Yes,Yes,Yes,Yes,No,No,One year,No,Credit card (automatic),94.28,3486.95,Yes
2365-KIXTP,Male,0,No,No,7,Yes,Yes,No,No internet service,No internet service,No internet service,No internet service,No internet service,No internet service,Month-to-month,No,Credit card (automatic),36.23,248.2,Yes
2875-SPRDB,Female,0,Yes,Yes,47,No,No phone service,No,No internet service,No internet service,No internet service,No internet service,No internet service,No internet service,Month-to-month,Yes,Credit card (automatic),20.32,945.26,Yes
2931-YXBGX,Male,0,No,No,42,No,No phone service,No,No internet service,No internet service,No internet service,No internet service,No internet service,No internet service,Two year,Yes,Electronic check,18.7,777.66,No
1410-ONJHA,Male,0,No,No,16,Yes,No,DSL,Yes,Yes,Yes,No,No,No,Month-to-month,Yes,Bank transfer (automatic),72.26,1155.76,Yes
5156-JFRIA,Male,0,No,No,16,Yes,Yes,DSL,Yes,Yes,Yes,Yes,No,No,One year,Yes,Credit card (automatic),80.83,1283.52,Yes
8434-CYCMA,Male,0,No,No,5,No,No phone service,DSL,No,Yes,Yes,No,No,Yes,Month-to-month,Yes,Credit card (automatic),62.27,317.53,No
6255-FLOCO,Female,0,No,No,9,Yes,Yes,No,No internet service,No internet service,No internet service,No internet service,No internet service,No internet service,One year,Yes,Mailed check,34.55,319.78,No
8455-RRGCT,Male,1,Yes,Yes,21,Yes,No,Fiber optic,No,No,No,No,No,Yes,One year,No,Bank transfer (automatic),83.71,1765.85,No
5972-SZSFD,Male,0,No,No,12,Yes,No,Fiber optic,No,Yes,No,Yes,No,No,Month-to-month,No,Bank transfer (automatic),87.01,1042.39,Yes
2761-BYOKW,Female,0,No,No,25,Yes,No,DSL,Yes,No,Yes,Yes,No,Yes,Month-to-month,Yes,Bank transfer (automatic),77.34,1943.28,Yes
4329-PPGRN,Female,0,Yes,No,2,Yes,Yes,No,No internet service,No internet service,No internet service,No internet service,No internet service,No internet service,Month-to-month,No,Credit card (automatic),33.34,67.07,No
9976-MQWWX,Female,0,No,No,3,Yes,Yes,Fiber optic,No,Yes,No,Yes,No,No,Month-to-month,Yes,Credit card (automatic),88.35,270.76,Yes
8172-TZDOK,Male,0,Yes,Yes,4,No,No phone service,DSL,Yes,No,Yes,Yes,Yes,Yes,Month-to-month,No,Mailed check,74.26,289.9,Yes
4764-GJUVX,Female,0,No,No,7,Yes,Yes,Fiber optic,No,No,Yes,Yes,No,No,Month-to-month,Yes,Credit card (automatic),89.62,620.15,Yes
3237-NGSBU,Female,0,No,No,52,Yes,No,No,No internet service,No internet service,No internet service,No internet service,No internet service,No internet service,Month-to-month,No,Bank transfer (automatic),29.23,1512.29,No
9524-UGJZX,Male,0,No,No,43,Yes,No,Fiber optic,Yes,No,No,Yes,No,No,Two year,Yes,Credit card (automatic),85.72,3676.51,Yes
4746-SYEGB,Female,1,Yes,No,36,Yes,No,Fiber optic,No,No,Yes,Yes,No,No,One year,Yes,Credit card (automatic),84.01,3030.31,Yes
3580-UOUEV,Female,0,No,No,30,Yes,Yes,Fiber optic,No,Yes,Yes,Yes,Yes,Yes,One year,Yes,Electronic check,110.62,3322.63,Yes
8989-IRDAR,Male,1,No,No,7,Yes,No,DSL,No,Yes,No,No,No,Yes,Month-to-month,No,Electronic check,66.28,471.72,Yes
3156-WITUJ,Female,0,No,No,23,Yes,Yes,DSL,Yes,Yes,No,Yes,No,No,Month-to-month,Yes,Mailed check,74.01,1703.69,Yes
9084-DGOKS,Male,0,Yes,No,18,Yes,Yes,Fiber optic,Yes,Yes,No,No,Yes,No,Month-to-month,No,Bank transfer (automatic),98.5,1764.99,Yes
1114-CBCLP,Female,0,Yes,No,71,Yes,Yes,DSL,Yes,Yes,Yes,No,Yes,Yes,Two year,Yes,Mailed check,93.85,6662.35,Yes
5401-OWTPN,Male,0,No,No,9,No,No phone service,DSL,Yes,Yes,No,Yes,No,Yes,Month-to-month,Yes,Mailed check,70.87,645.91,Yes
8528-HWZZX,Female,0,No,No,37,Yes,No,Fiber optic,Yes,No,Yes,No,Yes,Yes,One year,No,Mailed check,100.5,3720.0,No
8697-SGYLU,Female,0,No,No,1,Yes,No,DSL,Yes,No,No,No,No,Yes,Month-to-month,No,Credit card (automatic),67.81,60.02,No
6036-FNRBE,Male,0,Yes,Yes,9,Yes,Yes,DSL,No,Yes,No,No,No,Yes,Month-to-month,No,Electronic check,73.84,654.75,Yes
6805-MMDWK,Male,1,No,No,8,Yes,Yes,DSL,Yes,No,Yes,Yes,Yes,No,Month-to-month,No,Electronic check,85.56,688.06,Yes
4960-CSTEE,Female,0,No,No,38,Yes,No,No,No internet service,No internet service,No internet service,No internet service,No internet service,No internet service,One year,Yes,Electronic check,32.39,1233.5,No
3062-XUFIN,Female,0,No,No,38,Yes,Yes,No,No internet service,No internet service,No internet service,No internet service,No internet service,No internet service,One year,No,Bank transfer (automatic),36.08,1374.73,No
8885-UUCJW,Male,0,Yes,Yes,10,No,No phone service,DSL,No,No,Yes,No,No,Yes,Month-to-month,Yes,Mailed check,56.72,568.46,Yes
1910-LVKWQ,Female,1,No,No,33,Yes,No,DSL,No,No,Yes,No,Yes,Yes,One year,Yes,Credit card (automatic),76.99,2545.15,No
8092-LJWYF,Male,0,Yes,No,2,Yes,Yes,Fiber optic,No,No,Yes,Yes,No,Yes,Month-to-month,Yes,Mailed check,97.67,189.3,No
9371-CFAMH,Male,0,Yes,Yes,2,No,No phone service,No,No internet service,No internet service,No internet service,No internet service,No internet service,No internet service,Month-to-month,Yes,Electronic check,22.23,37.51,Yes
5153-AOJSL,Male,0,No,No,8,Yes,Yes,DSL,No,Yes,Yes,Yes,Yes,No,Month-to-month,Yes,Electronic check,83.44,659.32,No
6312-NMUYG,Male,0,Yes,No,58,Yes,No,Fiber optic,No,No,No,Yes,Yes,Yes,Two year,Yes,Bank transfer (automatic),98.28,5692.87,No
1583-YUBCG,Female,0,No,No,40,Yes,Yes,Fiber optic,No,No,Yes,No,Yes,No,Month-to-month,No,Bank transfer (automatic),92.79,3720.59,No
7427-LFYQD,Female,0,Yes,No,48,Yes,No,Fiber optic,Yes,Yes,No,No,Yes,No,Two year,Yes,Electronic check,93.29,4486.71,Yes
5737-DIOKV,Female,0,No,No,14,Yes,No,Fiber optic,Yes,Yes,No,Yes,Yes,Yes,Month-to-month,Yes,Electronic check,108.58,1525.43,Yes
2573-WTPMN,Male,0,Yes,Yes,16,Yes,No,Fiber optic,Yes,No,Yes,Yes,No,No,Month-to-month,No,Bank transfer (automatic),88.44,1421.39,Yes
7888-YBJAP,Female,0,Yes,Yes,68,Yes,Yes,DSL,Yes,No,Yes,No,Yes,Yes,Two year,No,Electronic check,87.37,5950.03,Yes
3528-QLJHM,Male,0,Yes,No,28,Yes,No,Fiber optic,No,No,Yes,No,No,No,One year,No,Mailed check,80.06,2249.51,Yes
8877-GALNS,Female,0,No,No,51,Yes,Yes,DSL,Yes,No,No,No,No,Yes,Two year,Yes,Bank transfer (automatic),75.11,3824.75,No
2464-NXRFY,Male,0,Yes,Yes,8,Yes,No,No,No internet service,No internet service,No internet service,No internet service,No internet service,No internet service,Month-to-month,Yes,Mailed check,29.2,232.99,Yes
4964-AFJRM,Male,0,Yes,Yes,1,Yes,Yes,No,No internet service,No internet service,No internet service,No internet service,No internet service,No internet service,Month-to-month,Yes,Electronic check,33.72,37.02,Yes
7143-YHIRZ,Female,0,Yes,No,9,Yes,Yes,Fiber optic,Yes,No,No,No,Yes,No,Month-to-month,Yes,Credit card (automatic),91.49,817.7,Yes
5621-GFRAP,Female,0,Yes,No,50,Yes,Yes,DSL,Yes,No,No,Yes,No,No,One year,Yes,Bank transfer (automatic),70.07,3501.25,No
9135-SJNUE,Female,1,No,No,30,Yes,Yes,DSL,Yes,Yes,Yes,Yes,Yes,Yes,One year,Yes,Bank transfer (automatic),94.19,2823.34,Yes
2672-ECJOB,Female,1,Yes,No,57,Yes,Yes,Fiber optic,No,Yes,No,No,No,Yes,Two year,No,Electronic check,95.25,5423.6,Yes
9637-OUMPP,Female,0,No,No,34,Yes,Yes,No,No internet service,No internet service,No internet service,No internet service,No internet service,No internet service,One year,Yes,Bank transfer (automatic),37.15,1269.31,No
5617-HEDUG,Male,0,No,No,39,Yes,Yes,No,No internet service,No internet service,No internet service,No internet service,No internet service,No internet service,Two year,Yes,Credit card (automatic),34.17,1324.17,No
4708-YVWXA,Male,0,No,No,1,Yes,Yes,No,No internet service,No internet service,No internet service,No internet service,No internet service,No internet service,Month-to-month,No,Electronic check,36.02,30.99,Yes
1104-JALUC,Male,0,Yes,No,52,Yes,No,Fiber optic,Yes,No,No,No,Yes,No,Two year,Yes,Electronic check,87.1,4520.77,Yes
2142-NCWWQ,Female,1,No,No,1,No,No phone service,Fiber optic,Yes,Yes,No,Yes,No,Yes,Month-to-month,Yes,Credit card (automatic),86.19,83.41,Yes
5503-UUXLH,Female,0,Yes,Yes,2,Yes,No,DSL,No,No,No,No,Yes,Yes,Month-to-month,Yes,Credit card (automatic),72.0,149.81,Yes
5386-AFZLG,Female,1,Yes,Yes,36,Yes,Yes,No,No internet service,No internet service,No internet service,No internet service,No internet service,No internet service,One year,Yes,Bank transfer (automatic),33.44,1210.16,No
5922-BVAET,Female,0,Yes,No,6,Yes,No,Fiber optic,No,No,Yes,Yes,Yes,Yes,Month-to-month,Yes,Credit card (automatic),102.22,609.23,Yes
3715-IKKHB,Female,0,No,No,51,Yes,No,Fiber optic,No,No,No,Yes,No,Yes,One year,No,Mailed check,88.03,4481.66,No
8471-UABMY,Male,0,No,No,1,Yes,No,DSL,Yes,Yes,Yes,No,Yes,Yes,Month-to-month,No,Electronic check,86.21,87.68,Yes
1853-ZHAXG,Female,1,No,No,21,Yes,No,DSL,No,No,Yes,Yes,Yes,No,One year,No,Credit card (automatic),75.92,1602.83,Yes
3650-FZMRV,Male,0,Yes,No,72,Yes,No,No,No internet service,No internet service,No internet service,No internet service,No internet service,No internet service,Two year,No,Mailed check,29.92,2152.32,No
7322-SYPQL,Male,0,Yes,No,42,Yes,No,DSL,Yes,No,No,Yes,Yes,No,One year,No,Credit card (automatic),75.29,3171.57,Yes
3513-WRKLC,Male,0,Yes,Yes,37,Yes,Yes,DSL,No,No,No,Yes,No,Yes,One year,Yes,Electronic check,73.39,2710.01,Yes
3052-DSKIK,Male,0,No,No,41,Yes,No,DSL,No,No,Yes,No,Yes,Yes,One year,No,Bank transfer (automatic),75.8,3097.9,No
4888-GDSZS,Female,0,Yes,Yes,9,Yes,Yes,No,No internet service,No internet service,No internet service,No internet service,No internet service,No internet service,Month-to-month,Yes,Mailed check,34.95,305.62,Yes
2314-UUCUB,Female,0,No,No,30,Yes,No,Fiber optic,Yes,No,No,Yes,Yes,Yes,One year,No,Electronic check,99.23,2981.7,Yes
4165-NHZVQ,Female,0,Yes,No,16,Yes,Yes,Fiber optic,No,No,Yes,No,No,Yes,Month-to-month,No,Credit card (automatic),95.28,1533.25,No
7864-BDZUN,Male,0,Yes,Yes,28,Yes,No,Fiber optic,No,Yes,No,No,Yes,Yes,One year,No,Mailed check,94.95,2653.84,Yes
8149-PLEXP,Male,0,No,No,44,Yes,Yes,Fiber optic,Yes,Yes,Yes,Yes,Yes,Yes,Two year,No,Mailed check,117.94,5190.03,No
7591-UXEXG,Female,0,No,No,38,Yes,Yes,DSL,Yes,No,Yes,No,No,No,One year,Yes,Bank transfer (automatic),71.8,2723.37,No
8032-TSLCZ,Male,1,Yes,Yes,57,Yes,Yes,No,No internet service,No internet service,No internet service,No internet service,No internet service,No internet service,Two year,No,Electronic check,34.6,1972.19,Yes
6471-IJRUB,Female,0,Yes,No,48,Yes,Yes,Fiber optic,Yes,No,Yes,Yes,Yes,No,Month-to-month,No,Mailed check,103.34,4952.64,Yes
7501-KADIH,Male,0,No,No,2,Yes,No,DSL,No,Yes,No,Yes,No,No,Month-to-month,No,Bank transfer (automatic),66.82,124.99,No
3392-GLRBM,Male,0,No,No,2,Yes,No,DSL,Yes,No,No,No,No,Yes,Month-to-month,Yes,Bank transfer (automatic),70.74,137.31,No
4363-FUOJY,Male,0,Yes,No,1,Yes,No,Fiber optic,Yes,No,Yes,Yes,Yes,Yes,Month-to-month,No,Mailed check,104.42,107.15,Yes
7992-ZTHJE,Female,1,Yes,No,1,Yes,No,DSL,Yes,No,No,Yes,No,Yes,Month-to-month,Yes,Credit card (automatic),74.81,69.0,Yes
2084-ETIIR,Male,1,No,No,15,Yes,Yes,Fiber optic,Yes,No,No,Yes,Yes,No,Month-to-month,No,Mailed check,99.45,1482.01,Yes
8402-DGATN,Male,0,Yes,No,46,Yes,No,Fiber optic,Yes,No,No,Yes,Yes,No,One year,No,Mailed check,95.25,4382.71,No
2832-WSFKX,Female,0,No,No,65,Yes,No,No,No internet service,No internet service,No internet service,No internet service,No internet service,No internet service,Two year,Yes,Mailed check,32.29,2093.93,No
5140-BACKP,Male,1,No,No,44,Yes,No,No,No internet service,No internet service,No internet service,No internet service,No internet service,No internet service,Two year,Yes,Electronic check,29.65,1307.72,No
5904-DYVEA,Male,0,Yes,Yes,21,Yes,Yes,No,No internet service,No internet service,No internet service,No internet service,No internet service,No internet service,Month-to-month,No,Credit card (automatic),36.08,767.24,Yes
4197-DVSJS,Male,1,Yes,Yes,8,Yes,Yes,DSL,No,No,No,Yes,No,No,Month-to-month,No,Bank transfer (automatic),65.48,521.93,No
4251-PBCDI,Male,0,No,No,36,Yes,No,Fiber optic,Yes,No,No,Yes,No,Yes,One year,Yes,Credit card (automatic),92.38,3327.43,No
1325-GZUNU,Male,0,No,No,1,Yes,No,DSL,Yes,No,Yes,Yes,Yes,No,Month-to-month,No,Bank transfer (automatic),80.8,86.16,Yes
6971-PEIUO,Female,0,No,No,43,Yes,Yes,DSL,Yes,Yes,No,Yes,Yes,No,One year,No,Credit card (automatic),83.06,3564.44,No
6327-TRCKO,Female,0,No,No,24,No,No phone service,DSL,Yes,Yes,No,Yes,Yes,Yes,Month-to-month,No,Mailed check,75.89,1821.79,No
1995-ANHLT,Male,0,Yes,Yes,54,No,No phone service,DSL,No,No,No,Yes,Yes,Yes,One year,No,Credit card (automatic),66.89,3619.27,No
8643-CXIKB,Male,0,No,No,33,Yes,No,DSL,Yes,No,No,Yes,No,Yes,Month-to-month,No,Credit card (automatic),72.98,2403.19,No
1140-QMMHP,Female,0,No,No,24,Yes,No,No,No internet service,No internet service,No internet service,No internet service,No internet service,No internet service,One year,No,Bank transfer (automatic),29.39,712.36,Yes
7602-PVTDQ,Female,0,Yes,Yes,63,Yes,No,DSL,Yes,No,Yes,No,Yes,No,Two year,Yes,Mailed check,75.6,4763.11,No
1887-MPUZJ,Female,0,Yes,No,4,Yes,No,No,No internet service,No internet service,No internet service,No internet service,No internet service,No internet service,Month-to-month,No,Electronic check,29.89,120.08,No
4573-ZRMYF,Female,0,Yes,No,1,Yes,No,Fiber optic,No,Yes,Yes,No,Yes,Yes,Month-to-month,Yes,Mailed check,100.94,94.07,Yes
9209-IAXKP,Female,1,No,No,2,Yes,Yes,No,No internet service,No internet service,No internet service,No internet service,No internet service,No internet service,Month-to-month,No,Mailed check,33.43,76.85,Yes
7432-IEGSS,Male,0,No,No,51,Yes,Yes,DSL,Yes,Yes,Yes,Yes,No,No,Two year,Yes,Bank transfer (automatic),80.12,4088.37,No
4981-SIILZ,Male,1,No,No,12,Yes,No,No,No internet service,No internet service,No internet service,No internet service,No internet service,No internet service,Month-to-month,Yes,Credit card (automatic),32.87,389.75,No
6905-OUUCE,Male,0,Yes,No,17,Yes,Yes,Fiber optic,No,No,Yes,No,No,Yes,Month-to-month,No,Mailed check,95.35,1629.08,Yes
4880-RQJHK,Female,0,Yes,No,6,Yes,No,Fiber optic,No,No,Yes,Yes,No,Yes,Month-to-month,No,Credit card (automatic),91.03,546.15,Yes
6105-XFQMW,Male,0,Yes,Yes,72,Yes,Yes,Fiber optic,Yes,Yes,Yes,No,No,Yes,Month-to-month,No,Credit card (automatic),105.45,7593.66,Yes
4010-DOJIA,Male,0,Yes,Yes,68,No,No phone service,Fiber optic,No,Yes,Yes,No,Yes,Yes,Two year,Yes,Mailed check,91.92,6244.74,No
1543-LPXXJ,Male,0,Yes,No,72,Yes,Yes,Fiber optic,Yes,Yes,No,Yes,Yes,Yes,Two year,No,Mailed check,109.12,7848.34,No
7846-BBOWN,Female,0,No,No,2,Yes,Yes,DSL,No,No,No,No,No,Yes,Month-to-month,No,Mailed check,66.31,126.49,Yes
9495-VTACZ,Female,0,Yes,No,26,Yes,No,DSL,No,No,Yes,No,No,No,One year,Yes,Credit card (automatic),62.09,1620.78,No
5346-LSGVI,Female,0,No,No,55,Yes,No,No,No internet service,No internet service,No internet service,No internet service,No internet service,No internet service,Two year,Yes,Bank transfer (automatic),28.07,1533.92,No
5466-KMLWZ,Male,1,No,No,47,No,No phone service,DSL,Yes,No,Yes,No,Yes,Yes,One year,Yes,Mailed check,73.47,3456.83,Yes
7187-GLAFM,Female,1,No,No,1,Yes,No,Fiber optic,Yes,Yes,Yes,No,No,No,Month-to-month,No,Bank transfer (automatic),91.18,84.07,Yes
4127-XWTZD,Female,0,No,No,55,Yes,No,DSL,Yes,No,Yes,Yes,Yes,No,One year,Yes,Credit card (automatic),76.01,4184.6,No
9428-URMXJ,Male,0,Yes,No,41,Yes,No,DSL,Yes,No,Yes,Yes,No,No,Two year,No,Credit card (automatic),70.27,2874.1,No
7754-CBZCY,Male,1,No,No,31,Yes,Yes,DSL,No,No,Yes,Yes,Yes,No,One year,Yes,Bank transfer (automatic),79.33,2460.54,Yes
4762-SQAAR,Female,0,No,No,49,Yes,No,Fiber optic,No,Yes,No,No,No,No,Two year,Yes,Mailed check,79.73,3904.44,No
5225-REHKC,Male,0,Yes,No,13,Yes,No,Fiber optic,Yes,Yes,Yes,No,Yes,No,Month-to-month,No,Credit card (automatic),99.71,1301.66,Yes
8328-JCRJX,Female,0,Yes,No,11,Yes,Yes,No,No internet service,No internet service,No internet service,No internet service,No internet service,No internet service,Month-to-month,No,Bank transfer (automatic),36.08,394.7,Yes
5506-HPNFV,Female,0,Yes,Yes,72,Yes,No,Fiber optic,No,No,No,No,Yes,No,Two year,Yes,Bank transfer (automatic),82.87,5961.51,Yes
8231-TCXCZ,Female,0,Yes,No,2,Yes,No,Fiber optic,No,Yes,Yes,Yes,Yes,No,Month-to-month,No,Credit card (automatic),96.59,196.5,Yes
8437-SFHYN,Male,0,Yes,No,42,Yes,Yes,Fiber optic,No,No,Yes,Yes,No,No,Month-to-month,Yes,Mailed check,92.11,3868.96,No
8934-XOCPZ,Female,0,No,No,22,Yes,No,Fiber optic,No,No,No,Yes,No,Yes,One year,Yes,Credit card (automatic),90.79,1997.02,Yes
5129-RZWCL,Female,0,No,No,13,Yes,No,Fiber optic,No,Yes,Yes,No,No,No,Month-to-month,No,Credit card (automatic),85.95,1118.19,Yes
8710-IHNWT,Male,0,Yes,Yes,7,Yes,Yes,No,No internet service,No internet service,No internet service,No internet service,No internet service,No internet service,Month-to-month,No,Mailed check,35.08,253.37,Yes
6378-ZLSIZ,Male,0,Yes,No,41,Yes,Yes,DSL,No,No,No,No,Yes,No,One year,No,Bank transfer (automatic),68.04,2798.06,Yes
6900-KUDDX,Male,0,No,No,42,Yes,No,Fiber optic,No,No,Yes,No,Yes,Yes,Two year,Yes,Mailed check,97.53,4095.25,No
4953-GFLRV,Female,1,No,No,47,Yes,Yes,DSL,No,No,No,No,No,Yes,Month-to-month,No,Electronic check,66.65,3124.08,Yes
1234-MWOMT,Male,0,No,No,43,Yes,No,Fiber optic,No,No,No,No,Yes,No,One year,Yes,Bank transfer (automatic),81.4,3508.8,Yes
9556-EDYXN,Female,0,Yes,No,70,Yes,No,DSL,No,No,Yes,Yes,No,No,Two year,No,Bank transfer (automatic),63.77,4458.75,No
3745-VOWLU,Male,0,Yes,No,47,Yes,No,Fiber optic,No,No,No,Yes,No,No,Two year,Yes,Mailed check,80.14,3767.41,No
6536-EDMJA,Male,1,No,No,3,Yes,Yes,DSL,No,No,Yes,Yes,No,Yes,Month-to-month,No,Mailed check,80.12,235.68,Yes
7033-MILFQ,Female,0,Yes,Yes,3,Yes,No,DSL,No,No,Yes,Yes,Yes,No,Month-to-month,Yes,Mailed check,71.85,212.44,No
8342-XASUB,Male,0,No,No,15,Yes,No,No,No internet service,No internet service,No internet service,No internet service,No internet service,No internet service,Month-to-month,Yes,Mailed check,32.91,499.57,No
8506-QHCMO,Male,0,No,No,2,Yes,No,No,No internet service,No internet service,No internet service,No internet service,No internet service,No internet service,Month-to-month,Yes,Credit card (automatic),29.16,56.14,No
6624-JAZHR,Female,0,No,No,36,Yes,Yes,DSL,Yes,Yes,Yes,Yes,Yes,No,One year,Yes,Bank transfer (automatic),87.76,3158.66,No
1475-AWXGP,Female,0,No,No,48,No,No phone service,Fiber optic,No,No,Yes,No,No,Yes,Two year,No,Bank transfer (automatic),77.03,3689.14,No
1773-FYOAD,Female,1,No,No,42,Yes,Yes,Fiber optic,Yes,No,No,Yes,No,Yes,One year,Yes,Electronic check,100.73,4227.98,Yes
8488-HVILD,Female,0,No,No,22,Yes,No,No,No internet service,No internet service,No internet service,No internet service,No internet service,No internet service,Month-to-month,No,Bank transfer (automatic),31.04,686.08,Yes
5846-JMOPJ,Female,1,No,No,42,Yes,Yes,DSL,No,Yes,Yes,No,Yes,No,Month-to-month,Yes,Bank transfer (automatic),80.49,3381.76,Yes
3628-RDWXD,Male,0,Yes,No,20,Yes,No,Fiber optic,Yes,Yes,Yes,Yes,No,No,One year,Yes,Bank transfer (automatic),94.6,1883.2,Yes
3220-MKQGF,Male,0,Yes,Yes,52,Yes,Yes,Fiber optic,Yes,Yes,Yes,No,No,Yes,Two year,No,Mailed check,103.91,5413.29,No
5744-QUAGE,Male,0,Yes,Yes,1,Yes,Yes,Fiber optic,No,No,No,Yes,Yes,No,Month-to-month,No,Credit card (automatic),94.04,89.1,Yes
4877-XIKCX,Male,0,Yes,Yes,20,Yes,Yes,Fiber optic,No,No,No,Yes,Yes,Yes,Month-to-month,No,Credit card (automatic),102.46,2057.05,Yes
7815-CMHDT,Male,1,Yes,No,28,Yes,Yes,Fiber optic,Yes,Yes,Yes,Yes,No,No,Month-to-month,Yes,Mailed check,101.09,2839.54,Yes
9929-QSPRH,Female,1,Yes,No,45,Yes,Yes,Fiber optic,Yes,Yes,Yes,Yes,No,No,Month-to-month,No,Mailed check,98.47,4440.33,Yes
8062-WQMZZ,Male,0,Yes,Yes,22,Yes,Yes,No,No internet service,No internet service,No internet service,No internet service,No internet service,No internet service,Month-to-month,No,Credit card (automatic),34.45,754.32,No
2835-GFETZ,Female,0,No,No,24,Yes,No,Fiber optic,Yes,No,Yes,No,No,No,Two year,Yes,Credit card (automatic),85.27,2051.5,Yes
8524-DBJTD,Male,0,No,No,11,No,No phone service,Fiber optic,Yes,Yes,Yes,No,No,Yes,Month-to-month,No,Credit card (automatic),90.3,987.42,Yes
8563-AIPKP,Female,0,Yes,No,46,Yes,Yes,No,No internet service,No internet service,No internet service,No internet service,No internet service,No internet service,Two year,Yes,Credit card (automatic),33.3,1531.66,No
6214-NAAMX,Female,0,No,No,17,Yes,Yes,DSL,Yes,No,Yes,Yes,No,No,Month-to-month,No,Credit card (automatic),74.47,1273.62,No
9620-OQQGI,Male,0,No,No,49,Yes,No,DSL,Yes,No,No,No,No,No,One year,No,Electronic check,59.06,2899.33,No
7894-UZXNE,Male,0,Yes,No,44,Yes,No,No,No internet service,No internet service,No internet service,No internet service,No internet service,No internet service,One year,No,Mailed check,28.73,1258.93,Yes
5228-SKLNK,Female,0,No,No,28,No,No phone service,Fiber optic,No,Yes,No,Yes,No,Yes,Month-to-month,Yes,Credit card (automatic),82.14,2299.07,Yes
3763-OMAGN,Male,0,Yes,No,16,Yes,Yes,Fiber optic,No,No,Yes,Yes,No,Yes,Month-to-month,No,Electronic check,96.36,1542.54,Yes
6028-KAFJC,Male,0,Yes,No,9,Yes,No,No,No internet service,No internet service,No internet service,No internet service,No internet service,No internet service,Month-to-month,Yes,Bank transfer (automatic),32.55,286.46,Yes
5043-JTYYZ,Male,0,Yes,No,62,Yes,Yes,Fiber optic,No,No,No,No,No,No,Two year,No,Credit card (automatic),78.14,4839.3,Yes
2412-CYQDM,Male,0,No,No,8,Yes,No,Fiber optic,No,Yes,Yes,No,Yes,No,Month-to-month,No,Mailed check,93.68,752.6,No
6322-VQAUF,Male,0,Yes,Yes,51,No,No phone service,DSL,No,Yes,Yes,Yes,Yes,No,Two year,No,Bank transfer (automatic),70.28,3589.35,No
4941-HNGHW,Female,0,Yes,Yes,11,Yes,No,DSL,No,No,Yes,No,Yes,No,Month-to-month,Yes,Credit card (automatic),68.14,746.13,Yes
2385-ZTMSZ,Female,1,No,No,1,Yes,Yes,DSL,Yes,Yes,No,Yes,No,Yes,Month-to-month,Yes,Credit card (automatic),83.9,89.56,Yes
6225-PGRVS,Male,0,No,No,46,Yes,No,Fiber optic,Yes,Yes,Yes,Yes,No,Yes,Two year,Yes,Electronic check,101.63,4679.22,Yes
6535-LYTGW,Female,0,Yes,No,1,Yes,Yes,DSL,Yes,No,No,Yes,Yes,Yes,Month-to-month,Yes,Credit card (automatic),87.56,94.75,Yes
3042-RBDXJ,Female,0,No,No,8,Yes,Yes,No,No internet service,No internet service,No internet service,No internet service,No internet service,No internet service,Month-to-month,Yes,Mailed check,37.42,303.94,Yes
9596-WYYRN,Female,1,Yes,Yes,4,Yes,Yes,DSL,No,Yes,Yes,No,No,No,Month-to-month,Yes,Electronic check,72.84,301.35,Yes
4950-BOJHT,Female,0,No,No,17,Yes,No,DSL,Yes,Yes,No,No,No,No,Month-to-month,Yes,Electronic check,65.34,1111.99,Yes
3408-IEYET,Male,0,Yes,No,20,Yes,Yes,DSL,No,No,No,Yes,Yes,No,Month-to-month,Yes,Mailed check,73.75,1469.3,No
6914-LKKVN,Male,0,Yes,No,38,Yes,No,DSL,Yes,Yes,No,Yes,Yes,No,One year,Yes,Electronic check,78.64,2988.56,No
8121-TYFAU,Male,0,Yes,Yes,59,Yes,Yes,Fiber optic,No,No,No,No,No,Yes,Two year,No,Bank transfer (automatic),86.3,5091.2,No
5407-VKLLK,Female,1,Yes,No,66,Yes,No,DSL,No,No,No,Yes,Yes,Yes,Two year,Yes,Mailed check,77.77,5124.04,No
3941-KZFFV,Female,0,No,No,3,Yes,No,No,No internet service,No internet service,No internet service,No internet service,No internet service,No internet service,Month-to-month,No,Mailed check,29.21,89.87,No
1540-ZLUGT,Female,0,Yes,Yes,61,Yes,Yes,Fiber optic,No,No,No,No,No,Yes,Two year,Yes,Mailed check,88.41,5395.67,No
1405-BUVWK,Female,0,Yes,Yes,16,Yes,Yes,Fiber optic,Yes,No,Yes,Yes,No,No,Month-to-month,Yes,Mailed check,95.33,1533.18,No
4589-MEIPC,Male,0,No,No,1,Yes,Yes,No,No internet service,No internet service,No internet service,No internet service,No internet service,No internet service,Month-to-month,Yes,Bank transfer (automatic),33.71,27.86,No
1557-FLGEX,Male,0,Yes,No,55,Yes,Yes,DSL,Yes,No,No,Yes,No,No,Two year,Yes,Electronic check,70.96,3908.82,No
7089-TRCYO,Female,0,No,No,4,Yes,No,Fiber optic,No,No,Yes,Yes,No,No,Month-to-month,No,Mailed check,85.32,344.65,Yes
1493-ISQLQ,Female,0,No,No,1,Yes,No,DSL,Yes,Yes,Yes,Yes,No,No,Month-to-month,No,Mailed check,76.39,68.0,Yes
4899-EPJPR,Female,0,Yes,No,37,Yes,Yes,Fiber optic,No,Yes,No,No,No,No,Month-to-month,No,Electronic check,85.02,3144.89,No
9097-KCHOR,Female,0,No,No,1,Yes,Yes,No,No internet service,No internet service,No internet service,No internet service,No internet service,No internet service,Month-to-month,No,Electronic check,34.16,30.86,Yes
8695-JDIOK,Female,0,No,No,35,Yes,No,Fiber optic,No,No,Yes,Yes,No,No,One year,No,Bank transfer (automatic),85.07,2976.16,No
7029-FMNFB,Male,1,Yes,No,36,No,No phone service,Fiber optic,Yes,No,No,Yes,Yes,No,One year,No,Credit card (automatic),82.02,2956.81,Yes
4350-HNGFZ,Female,0,Yes,No,1,Yes,Yes,DSL,Yes,No,No,No,Yes,No,Month-to-month,Yes,Mailed check,73.07,69.15,No
4239-RNPQH,Female,0,Yes,No,59,Yes,Yes,DSL,Yes,No,Yes,No,No,No,Two year,No,Electronic check,68.07,4013.13,No
5045-SKYVG,Female,0,Yes,No,4,Yes,Yes,Fiber optic,No,Yes,Yes,No,No,No,Month-to-month,Yes,Electronic check,90.77,361.93,Yes
5963-TLPXO,Male,0,No,No,60,Yes,No,DSL,No,Yes,No,No,Yes,Yes,Month-to-month,Yes,Bank transfer (automatic),74.29,4452.19,No
7388-HUYEY,Female,0,Yes,Yes,56,Yes,No,Fiber optic,Yes,Yes,Yes,Yes,No,No,Two year,Yes,Mailed check,95.52,5340.39,No
1737-FWKHL,Female,0,Yes,Yes,3,Yes,No,DSL,No,No,No,Yes,Yes,No,Month-to-month,Yes,Mailed check,66.58,196.5,No
4895-SVKIJ,Female,0,Yes,No,31,No,No phone service,No,No internet service,No internet service,No internet service,No internet service,No internet service,No internet service,One year,Yes,Bank transfer (automatic),18.61,577.33,Yes
4550-JVKSK,Male,0,No,No,22,Yes,Yes,No,No internet service,No internet service,No internet service,No internet service,No internet service,No internet service,Month-to-month,No,Electronic check,33.84,741.25,No
4162-UAZWB,Female,0,No,No,16,Yes,Yes,Fiber optic,No,Yes,No,Yes,No,Yes,Month-to-month,Yes,Credit card (automatic),99.13,1590.56,Yes
6836-IORTP,Female,0,Yes,No,37,Yes,No,DSL,Yes,No,Yes,Yes,No,Yes,One year,Yes,Mailed check,79.54,2948.0,No
6990-AXSPC,Male,0,Yes,Yes,25,Yes,No,DSL,Yes,Yes,Yes,No,Yes,Yes,Month-to-month,No,Mailed check,86.39,2163.27,No
8719-MNJEL,Male,0,Yes,Yes,35,No,No phone service,Fiber optic,Yes,No,Yes,Yes,Yes,Yes,Month-to-month,No,Bank transfer (automatic),98.72,3453.79,Yes
2528-EDLVB,Male,0,Yes,No,41,Yes,Yes,DSL,Yes,Yes,Yes,Yes,No,No,Month-to-month,Yes,Credit card (automatic),80.9,3325.21,Yes
3468-FUVIL,Male,0,No,No,9,Yes,No,DSL,Yes,No,No,Yes,No,Yes,Month-to-month,Yes,Mailed check,74.77,679.78,No
1096-NKHCR,Male,0,No,No,6,Yes,Yes,Fiber optic,No,Yes,No,Yes,Yes,No,Month-to-month,Yes,Bank transfer (automatic),97.32,585.24,Yes
7618-ARWIX,Male,0,Yes,No,6,Yes,No,DSL,No,No,Yes,No,Yes,No,Month-to-month,Yes,Bank transfer (automatic),66.39,391.2,Yes
1263-HJYZL,Female,0,Yes,No,45,Yes,No,Fiber optic,No,No,No,Yes,No,Yes,Two year,Yes,Credit card (automatic),90.69,4090.39,No
9592-ZKMHS,Female,0,Yes,Yes,13,Yes,No,DSL,Yes,No,No,Yes,Yes,No,Month-to-month,Yes,Credit card (automatic),73.18,956.7,Yes
9553-DVKOX,Female,0,Yes,Yes,36,Yes,Yes,Fiber optic,No,No,No,Yes,Yes,Yes,Two year,No,Credit card (automatic),103.76,3729.49,No
3416-IHYII,Female,0,Yes,No,43,Yes,No,Fiber optic,No,Yes,No,Yes,Yes,No,Two year,No,Electronic check,92.7,3979.1,No
4730-ITEDH,Female,1,Yes,Yes,58,Yes,Yes,No,No internet service,No internet service,No internet service,No internet service,No internet service,No internet service,Two year,Yes,Electronic check,33.03,1907.44,Yes
5437-XXFCV,Male,0,Yes,No,24,Yes,No,Fiber optic,Yes,No,Yes,No,No,Yes,One year,No,Bank transfer (automatic),91.23,2182.49,No
7997-YDCMY,Male,0,Yes,No,58,Yes,No,Fiber optic,Yes,No,Yes,No,No,No,Two year,Yes,Credit card (automatic),87.05,5052.49,No
8757-LHYJD,Male,0,No,No,5,Yes,Yes,DSL,Yes,No,Yes,No,No,No,Month-to-month,No,Mailed check,71.2,350.05,Yes
8633-ZRTOI,Male,0,No,No,11,Yes,Yes,Fiber optic,No,Yes,Yes,No,No,No,Month-to-month,Yes,Credit card (automatic),92.58,1022.55,Yes
9852-OMISN,Male,0,Yes,Yes,1,Yes,Yes,No,No internet service,No internet service,No internet service,No internet service,No internet service,No internet service,Month-to-month,Yes,Mailed check,36.58,34.38,Yes
4106-CUSKC,Male,0,No,No,51,Yes,Yes,No,No internet service,No internet service,No internet service,No internet service,No internet service,No internet service,Month-to-month,Yes,Bank transfer (automatic),34.1,1741.81,Yes
7351-CXJPW,Female,0,No,No,5,Yes,No,Fiber optic,No,Yes,Yes,Yes,No,Yes,Month-to-month,No,Bank transfer (automatic),97.13,492.02,No
8387-ELPAA,Male,0,No,No,36,Yes,No,DSL,No,No,No,No,Yes,Yes,Month-to-month,No,Credit card (automatic),71.56,2567.23,Yes
3143-DODPF,Female,0,Yes,No,49,Yes,No,DSL,Yes,Yes,Yes,Yes,Yes,Yes,One year,Yes,Bank transfer (automatic),90.32,4416.5,No
1225-HFDIY,Male,0,No,No,24,Yes,No,Fiber optic,No,No,Yes,No,Yes,Yes,Month-to-month,Yes,Credit card (automatic),98.3,2368.84,Yes
1205-AZJSE,Male,1,Yes,No,23,Yes,Yes,Fiber optic,Yes,Yes,No,Yes,No,No,One year,No,Mailed check,95.13,2192.16,Yes
4374-FAHUQ,Female,0,Yes,No,59,Yes,No,Fiber optic,Yes,No,No,Yes,Yes,Yes,Two year,Yes,Bank transfer (automatic),100.03,5898.57,No
5540-PZCZR,Female,0,Yes,No,6,Yes,Yes,No,No internet service,No internet service,No internet service,No internet service,No internet service,No internet service,Month-to-month,No,Mailed check,35.34,215.68,Yes
1310-HSYUG,Male,1,No,No,51,Yes,No,Fiber optic,No,No,No,Yes,Yes,Yes,Two year,Yes,Mailed check,98.61,5023.28,No
4169-XKOEK,Female,0,No,No,21,Yes,Yes,Fiber optic,No,No,Yes,Yes,No,Yes,Month-to-month,Yes,Electronic check,98.92,2071.72,No
1384-YQUEU,Male,0,Yes,No,21,Yes,No,Fiber optic,Yes,No,Yes,Yes,Yes,Yes,Month-to-month,Yes,Electronic check,105.67,2219.58,Yes
5637-EFZME,Male,0,Yes,Yes,10,Yes,No,No,No internet service,No internet service,No internet service,No internet service,No internet service,No internet service,Month-to-month,Yes,Credit card (automatic),31.89,327.05,Yes
8541-SAVZR,Male,0,No,No,10,Yes,Yes,Fiber optic,No,No,No,No,Yes,No,Month-to-month,Yes,Electronic check,88.92,887.09,Yes
3969-TLLFE,Female,0,No,No,45,Yes,No,Fiber optic,Yes,No,No,No,Yes,No,Two year,Yes,Credit card (automatic),89.09,4002.19,No
8649-ADIRC,Female,0,Yes,No,13,Yes,No,Fiber optic,Yes,No,No,No,No,Yes,Month-to-month,Yes,Bank transfer (automatic),89.37,1161.3,No
9207-JZWVV,Female,0,Yes,No,6,Yes,No,DSL,No,Yes,Yes,No,Yes,Yes,Month-to-month,Yes,Credit card (automatic),82.29,501.44,Yes
6745-PVUTN,Female,0,No,No,1,Yes,No,Fiber optic,No,Yes,No,No,Yes,No,Month-to-month,No,Bank transfer (automatic),90.32,93.28,Yes
3125-GUGMP,Male,0,No,No,9,Yes,No,DSL,No,Yes,No,No,Yes,Yes,Month-to-month,Yes,Bank transfer (automatic),75.4,685.94,Yes
8897-NJNFN,Female,0,Yes,No,8,Yes,No,DSL,No,No,Yes,No,Yes,No,Month-to-month,Yes,Mailed check,66.28,536.3,Yes
6763-AWFVS,Male,0,Yes,No,14,Yes,No,Fiber optic,No,Yes,No,No,Yes,Yes,Month-to-month,No,Credit card (automatic),96.34,1351.71,Yes
7456-WTGWY,Female,0,No,No,4,Yes,No,No,No internet service,No internet service,No internet service,No internet service,No internet service,No internet service,Month-to-month,Yes,Electronic check,31.54,131.32,Yes
2143-BCEMB,Male,0,No,No,28,Yes,No,Fiber optic,No,No,No,No,Yes,Yes,One year,No,Electronic check,91.14,2547.19,Yes
6266-LRHYN,Male,0,Yes,No,55,No,No phone service,Fiber optic,Yes,No,Yes,Yes,No,Yes,Two year,No,Credit card (automatic),87.67,4826.97,Yes
2395-QXOYY,Male,0,No,No,50,No,No phone service,Fiber optic,Yes,Yes,Yes,Yes,No,No,Two year,Yes,Bank transfer (automatic),87.8,4382.05,No
4393-XGKNA,Male,0,Yes,No,8,Yes,No,Fiber optic,No,Yes,Yes,No,No,Yes,Month-to-month,Yes,Credit card (automatic),93.64,754.35,Yes
5937-LSNFA,Female,0,No,No,9,Yes,No,No,No internet service,No internet service,No internet service,No internet service,No internet service,No internet service,Month-to-month,No,Bank transfer (automatic),31.3,285.5,Yes
5768-WQMNP,Male,1,No,No,41,Yes,Yes,No,No internet service,No internet service,No internet service,No internet service,No internet service,No internet service,One year,No,Credit card (automatic),37.02,1512.95,No
2355-LTIQV,Female,0,Yes,No,1,Yes,No,Fiber optic,Yes,Yes,Yes,Yes,Yes,No,Month-to-month,No,Bank transfer (automatic),103.18,110.07,No
3531-LQBTE,Male,0,No,No,1,Yes,Yes,DSL,Yes,Yes,Yes,No,No,No,Month-to-month,Yes,Electronic check,77.89,68.48,Yes
2922-UHUBE,Female,0,Yes,Yes,13,Yes,No,Fiber optic,Yes,Yes,No,Yes,Yes,No,Month-to-month,Yes,Electronic check,99.32,1291.79,Yes
7299-YDXHW,Male,0,Yes,No,46,Yes,No,DSL,No,Yes,No,No,No,No,One year,No,Mailed check,59.35,2734.43,No
6364-GVJCE,Male,0,Yes,No,28,Yes,No,No,No internet service,No internet service,No internet service,No internet service,No internet service,No internet service,One year,No,Mailed check,30.93,873.4,Yes
6624-EJQRU,Male,0,No,No,8,Yes,Yes,No,No internet service,No internet service,No internet service,No internet service,No internet service,No internet service,Month-to-month,Yes,Electronic check,35.88,291.6,No
6379-VGNKR,Female,1,No,No,32,Yes,No,No,No internet service,No internet service,No internet service,No internet service,No internet service,No internet service,One year,Yes,Electronic check,32.42,1044.35,No
9362-ORHSB,Female,1,No,No,30,Yes,No,DSL,No,No,Yes,No,No,Yes,Month-to-month,No,Mailed check,69.32,2078.53,No
5915-LVQYH,Male,0,Yes,Yes,35,Yes,Yes,DSL,No,Yes,No,No,Yes,Yes,Two year,Yes,Bank transfer (automatic),83.37,2925.8,No
5656-OIRKX,Male,0,Yes,Yes,3,Yes,No,Fiber optic,No,Yes,Yes,No,No,Yes,Month-to-month,Yes,Electronic check,95.65,292.48,Yes
5317-QUJDE,Male,0,No,No,34,Yes,Yes,Fiber optic,Yes,No,No,Yes,Yes,No,Month-to-month,Yes,Electronic check,96.28,3269.18,Yes
4942-UJQIV,Female,0,Yes,Yes,1,Yes,Yes,DSL,Yes,No,No,No,No,Yes,Month-to-month,Yes,Bank transfer (automatic),74.79,70.82,No
2501-AKSHC,Male,0,No,No,2,Yes,No,No,No internet service,No internet service,No internet service,No internet service,No internet service,No internet service,Month-to-month,No,Electronic check,31.13,63.84,Yes
4654-KJBYR,Male,0,No,No,45,Yes,No,Fiber optic,Yes,Yes,Yes,No,No,Yes,One year,Yes,Electronic check,96.54,4351.12,Yes
3650-KBPER,Male,0,No,No,36,Yes,Yes,Fiber optic,Yes,Yes,Yes,No,Yes,Yes,One year,Yes,Mailed check,111.64,4014.71,No
9515-CTULG,Female,0,Yes,No,17,Yes,No,DSL,Yes,Yes,No,Yes,No,No,Month-to-month,Yes,Bank transfer (automatic),68.74,1174.9,Yes
1491-GQFRE,Female,0,No,No,40,Yes,No,Fiber optic,No,Yes,No,No,No,No,One year,No,Mailed check,79.56,3182.93,No
6012-YGVFU,Female,0,No,No,11,Yes,No,No,No internet service,No internet service,No internet service,No internet service,No internet service,No internet service,Month-to-month,Yes,Mailed check,28.98,314.36,No
7207-UPAOO,Female,0,No,No,13,Yes,Yes,Fiber optic,Yes,Yes,Yes,Yes,Yes,Yes,Month-to-month,Yes,Credit card (automatic),114.69,1499.04,Yes
4404-FSUBK,Male,0,No,No,5,Yes,No,DSL,No,No,Yes,Yes,No,No,Month-to-month,Yes,Credit card (automatic),66.43,340.42,Yes
8362-RQRUJ,Female,0,Yes,Yes,23,Yes,Yes,DSL,Yes,No,No,No,No,No,Month-to-month,No,Bank transfer (automatic),64.07,1471.89,Yes
8649-AKGLF,Female,0,Yes,Yes,1,Yes,Yes,No,No internet service,No internet service,No internet service,No internet service,No internet service,No internet service,Month-to-month,No,Credit card (automatic),35.22,34.34,Yes
7040-DGCOO,Female,0,Yes,No,66,Yes,Yes,Fiber optic,Yes,Yes,No,No,Yes,Yes,Two year,No,Mailed check,108.56,7171.62,No
9203-WMLSF,Female,0,Yes,No,10,Yes,Yes,DSL,Yes,Yes,No,Yes,Yes,No,Month-to-month,Yes,Bank transfer (automatic),81.76,819.66,Yes
6727-LVUXP,Female,0,Yes,Yes,63,Yes,Yes,DSL,Yes,No,No,Yes,Yes,No,One year,Yes,Mailed check,76.22,4810.7,Yes
8929-MXSDB,Male,1,Yes,No,9,No,No phone service,No,No internet service,No internet service,No internet service,No internet service,No internet service,No internet service,Month-to-month,Yes,Credit card (automatic),19.44,181.03,Yes
8535-CZGVB,Male,1,Yes,Yes,12,Yes,Yes,Fiber optic,Yes,No,No,No,No,No,One year,No,Mailed check,84.11,1007.35,No
6829-IATGI,Female,1,No,No,47,No,No phone service,DSL,Yes,Yes,No,No,Yes,Yes,Month-to-month,Yes,Bank transfer (automatic),69.56,3259.47,No
8153-OBPIY,Male,0,Yes,No,1,Yes,No,DSL,No,Yes,Yes,Yes,No,Yes,Month-to-month,Yes,Mailed check,79.8,88.18,Yes
7071-HHPIC,Female,0,Yes,No,9,Yes,Yes,DSL,Yes,Yes,Yes,Yes,Yes,No,Month-to-month,Yes,Bank transfer (automatic),88.06,793.11,Yes
6421-TODAB,Male,0,No,No,23,Yes,Yes,Fiber optic,No,Yes,Yes,Yes,Yes,No,Month-to-month,Yes,Bank transfer (automatic),104.62,2400.75,Yes
4901-AMUSF,Male,1,No,No,36,Yes,No,No,No internet service,No internet service,No internet service,No internet service,No internet service,No internet service,One year,Yes,Credit card (automatic),28.17,1017.06,Yes
8576-AZHBV,Female,0,Yes,No,26,Yes,Yes,Fiber optic,Yes,No,Yes,No,No,No,Month-to-month,Yes,Credit card (automatic),89.89,2336.03,Yes
2546-MTZUG,Male,0,No,No,50,Yes,Yes,DSL,No,Yes,Yes,Yes,No,Yes,Two year,No,Credit card (automatic),82.44,4121.99,No
5222-SBJSQ,Female,0,No,No,50,Yes,No,No,No internet service,No internet service,No internet service,No internet service,No internet service,No internet service,Two year,Yes,Credit card (automatic),32.26,1622.81,No
1109-OKWMW,Female,0,Yes,Yes,44,Yes,Yes,No,No internet service,No internet service,No internet service,No internet service,No internet service,No internet service,One year,Yes,Mailed check,37.89,1673.76,No
2062-DLWAD,Male,0,Yes,No,13,Yes,No,DSL,Yes,Yes,No,Yes,Yes,Yes,Month-to-month,No,Credit card (automatic),87.45,1140.19,Yes
6647-YURNM,Female,0,Yes,Yes,11,Yes,No,Fiber optic,Yes,No,Yes,Yes,Yes,No,Month-to-month,Yes,Credit card (automatic),97.53,1063.39,Yes
4314-QZJSO,Male,0,Yes,Yes,8,Yes,Yes,DSL,Yes,No,No,Yes,No,No,Month-to-month,No,Mailed check,69.76,549.05,Yes
7953-MGVNQ,Male,0,Yes,No,20,Yes,No,Fiber optic,No,No,No,No,No,No,Month-to-month,No,Bank transfer (automatic),77.32,1548.68,Yes
6457-RHNJP,Female,0,Yes,Yes,1,Yes,Yes,Fiber optic,Yes,Yes,No,No,No,Yes,Month-to-month,Yes,Credit card (automatic),96.56,88.34,Yes
4099-FGAQG,Female,0,Yes,Yes,28,Yes,Yes,DSL,No,No,Yes,Yes,No,No,One year,Yes,Mailed check,68.27,1913.52,Yes
9992-YGNCO,Female,0,Yes,Yes,23,Yes,No,Fiber optic,Yes,Yes,Yes,Yes,Yes,Yes,One year,Yes,Credit card (automatic),111.55,2562.36,No
5002-OHSVJ,Male,0,No,No,1,Yes,No,No,No internet service,No internet service,No internet service,No internet service,No internet service,No internet service,Month-to-month,No,Electronic check,30.29,24.37,No
5935-FQFGY,Male,1,No,No,17,Yes,Yes,No,No internet service,No internet service,No internet service,No internet service,No internet service,No internet service,Month-to-month,No,Mailed check,37.5,636.69,Yes
5451-NTEPW,Female,0,No,No,18,Yes,No,No,No internet service,No internet service,No internet service,No internet service,No internet service,No internet service,One year,Yes,Electronic check,30.03,538.09,No
8546-ZUNIK,Female,0,No,No,8,Yes,Yes,DSL,Yes,Yes,Yes,No,Yes,No,Month-to-month,No,Credit card (automatic),82.3,652.26,Yes
3461-CYCNB,Female,0,Yes,Yes,21,Yes,Yes,Fiber optic,No,No,No,Yes,No,Yes,Month-to-month,Yes,Bank transfer (automatic),94.58,1976.93,Yes
8504-JBCZK,Male,0,No,No,39,Yes,No,Fiber optic,No,No,No,Yes,Yes,Yes,Two year,No,Mailed check,95.71,3727.7,No
3779-DGHMW,Female,0,No,No,35,Yes,No,Fiber optic,No,Yes,No,No,No,Yes,Month-to-month,No,Electronic check,88.09,3089.07,Yes
9609-WCLZJ,Female,0,Yes,Yes,12,Yes,Yes,Fiber optic,Yes,Yes,Yes,Yes,No,Yes,Month-to-month,Yes,Credit card (automatic),106.34,1276.37,No
6528-LRCTX,Female,1,Yes,No,1,Yes,No,Fiber optic,Yes,Yes,No,Yes,No,No,Month-to-month,No,Bank transfer (automatic),90.76,89.54,Yes
7114-SOOSE,Female,0,Yes,Yes,62,Yes,Yes,Fiber optic,Yes,No,Yes,No,Yes,No,Two year,Yes,Electronic check,99.76,6179.45,No
6928-SKPED,Male,0,Yes,Yes,1,Yes,Yes,DSL,Yes,Yes,No,No,Yes,Yes,Month-to-month,Yes,Bank transfer (automatic),87.51,86.23,No
9413-YKJHB,Male,0,Yes,Yes,9,Yes,No,Fiber optic,Yes,No,No,No,Yes,No,Month-to-month,Yes,Mailed check,89.6,807.59,Yes
2558-CBIDC,Female,0,Yes,No,7,Yes,Yes,Fiber optic,No,Yes,Yes,Yes,No,No,Month-to-month,Yes,Credit card (automatic),95.38,659.29,Yes
3590-ADGVT,Female,1,No,No,23,Yes,Yes,Fiber optic,No,No,No,Yes,No,Yes,Month-to-month,No,Mailed check,94.26,2170.67,Yes
9769-MSXSX,Female,1,No,No,26,Yes,Yes,DSL,Yes,Yes,No,No,Yes,No,One year,No,Electronic check,76.1,1985.25,No
7068-WARUP,Female,0,Yes,Yes,61,Yes,Yes,DSL,No,No,Yes,No,No,No,One year,No,Credit card (automatic),66.72,4073.25,No
4397-PMVTY,Male,0,No,No,47,Yes,Yes,Fiber optic,Yes,Yes,Yes,No,Yes,Yes,Two year,No,Credit card (automatic),111.75,5250.78,Yes
1650-HQGXL,Male,1,No,No,34,Yes,Yes,No,No internet service,No internet service,No internet service,No internet service,No internet service,No internet service,One year,No,Credit card (automatic),36.41,1239.8,No
4132-IIMBA,Female,0,Yes,Yes,7,Yes,No,No,No internet service,No internet service,No internet service,No internet service,No internet service,No internet service,Month-to-month,Yes,Credit card (automatic),28.99,199.86,Yes
7818-SKTGY,Female,0,No,No,61,Yes,No,DSL,No,No,No,Yes,Yes,No,Two year,Yes,Bank transfer (automatic),66.5,4062.84,No
1566-TPJCK,Female,1,Yes,Yes,3,Yes,No,Fiber optic,No,Yes,Yes,No,Yes,No,Month-to-month,No,Electronic check,95.71,283.83,Yes
2063-MMXDG,Male,0,No,No,5,Yes,No,DSL,Yes,Yes,Yes,Yes,Yes,Yes,Month-to-month,Yes,Credit card (automatic),89.32,452.45,Yes
4769-JWRTW,Female,0,Yes,Yes,5,Yes,No,Fiber optic,No,Yes,No,Yes,Yes,Yes,Month-to-month,Yes,Mailed check,100.19,510.71,No
9766-NEGVT,Female,0,No,No,47,Yes,Yes,Fiber optic,Yes,Yes,Yes,Yes,Yes,No,Two year,Yes,Bank transfer (automatic),109.58,5153.81,No
3113-BDBGO,Female,1,No,No,1,No,No phone service,Fiber optic,Yes,No,No,No,Yes,Yes,Month-to-month,No,Bank transfer (automatic),86.84,88.32,No
1176-FDAEI,Female,0,Yes,Yes,1,Yes,Yes,No,No internet service,No internet service,No internet service,No internet service,No internet service,No internet service,Month-to-month,Yes,Electronic check,37.35,43.45,Yes
7473-AAHFG,Female,0,No,No,39,Yes,Yes,Fiber optic,Yes,No,Yes,Yes,Yes,No,One year,Yes,Credit card (automatic),101.65,3956.05,Yes
2257-SUPTY,Female,0,No,No,41,Yes,No,DSL,No,No,Yes,Yes,No,No,One year,No,Mailed check,66.95,2747.08,Yes
4657-PQUBN,Male,1,No,No,42,Yes,No,DSL,No,No,No,Yes,No,Yes,One year,Yes,Electronic check,68.49,2886.07,No
6106-SBQUJ,Female,0,No,No,61,Yes,Yes,No,No internet service,No internet service,No internet service,No internet service,No internet service,No internet service,Two year,No,Bank transfer (automatic),34.19,2083.42,No
6926-XVPTP,Female,1,No,No,44,Yes,No,Fiber optic,Yes,No,No,No,Yes,Yes,One year,No,Credit card (automatic),98.82,4339.57,Yes
8514-OHBXJ,Female,0,Yes,No,60,Yes,Yes,Fiber optic,No,No,No,No,Yes,Yes,Two year,No,Electronic check,97.81,5859.23,Yes
3291-RAHTQ,Female,0,Yes,No,5,Yes,No,Fiber optic,No,Yes,No,No,No,Yes,Month-to-month,No,Bank transfer (automatic),86.47,440.1,Yes
6089-OKCKY,Male,0,Yes,No,60,Yes,No,DSL,Yes,No,No,No,Yes,Yes,Two year,No,Electronic check,76.51,4589.92,Yes
4968-EMBHH,Male,0,Yes,Yes,45,Yes,No,No,No internet service,No internet service,No internet service,No internet service,No internet service,No internet service,Two year,No,Credit card (automatic),31.29,1403.18,No
1980-TQBUF,Male,0,No,No,3,Yes,Yes,DSL,No,No,Yes,No,No,Yes,Month-to-month,Yes,Electronic check,71.53,223.29,Yes
2527-NTHDC,Female,0,No,No,57,Yes,Yes,DSL,Yes,Yes,No,No,Yes,No,One year,Yes,Mailed check,77.36,4417.59,No
4240-SEXUM,Male,0,No,No,1,Yes,Yes,No,No internet service,No internet service,No internet service,No internet service,No internet service,No internet service,Month-to-month,Yes,Mailed check,34.03,25.49,Yes
2789-QCVXQ,Male,0,No,No,37,Yes,No,Fiber optic,Yes,Yes,Yes,No,Yes,Yes,Month-to-month,Yes,Bank transfer (automatic),105.32,3899.77,Yes
8171-RYTJF,Female,0,No,No,11,Yes,Yes,No,No internet service,No internet service,No internet service,No internet service,No internet service,No internet service,Month-to-month,Yes,Credit card (automatic),33.54,372.65,No
6096-HDUCH,Female,0,No,No,45,Yes,No,Fiber optic,Yes,No,Yes,No,Yes,Yes,Two year,Yes,Bank transfer (automatic),103.84,4666.46,Yes
4192-JJFJB,Male,0,No,No,26,Yes,Yes,DSL,Yes,No,Yes,No,No,Yes,One year,No,Electronic check,78.93,2059.83,No
8390-VJUVX,Female,0,No,No,32,Yes,No,No,No internet service,No internet service,No internet service,No internet service,No internet service,No internet service,One year,Yes,Bank transfer (automatic),30.83,981.85,No
1555-HHBLK,Male,0,No,No,2,Yes,No,DSL,No,No,Yes,No,No,Yes,Month-to-month,No,Bank transfer (automatic),70.52,148.35,Yes
7223-ACDXG,Female,1,No,No,59,Yes,No,DSL,Yes,No,Yes,Yes,No,Yes,Two year,Yes,Mailed check,76.71,4528.53,No
1509-LDYJY,Male,0,No,No,28,Yes,No,Fiber optic,Yes,Yes,Yes,No,Yes,Yes,Month-to-month,No,Bank transfer (automatic),105.23,2949.13,Yes
9702-GGEOJ,Male,0,No,No,18,Yes,No,Fiber optic,No,No,No,No,No,No,Month-to-month,No,Electronic check,73.87,1334.16,Yes
9077-SHSRD,Male,0,Yes,No,53,No,No phone service,Fiber optic,No,Yes,Yes,Yes,Yes,No,Two year,No,Mailed check,88.38,4676.19,No
5433-STHBS,Female,0,No,No,5,Yes,Yes,Fiber optic,No,Yes,Yes,Yes,Yes,No,Month-to-month,Yes,Mailed check,104.54,528.79,Yes
3653-AUHQP,Male,0,Yes,Yes,39,No,No phone service,No,No internet service,No internet service,No internet service,No internet service,No internet service,No internet service,One year,Yes,Credit card (automatic),21.97,850.48,No
6215-SFTVZ,Female,0,Yes,No,8,Yes,Yes,DSL,No,Yes,Yes,No,Yes,Yes,Month-to-month,Yes,Credit card (automatic),84.01,670.9,Yes
5218-FQGZN,Female,0,No,No,48,Yes,No,Fiber optic,Yes,No,No,No,Yes,Yes,Two year,No,Bank transfer (automatic),94.91,4556.89,No
2073-OFROJ,Female,0,Yes,Yes,1,Yes,Yes,DSL,Yes,Yes,No,Yes,No,Yes,Month-to-month,No,Bank transfer (automatic),81.26,90.83,Yes
8436-RZPVS,Male,0,Yes,Yes,42,Yes,Yes,Fiber optic,Yes,Yes,No,Yes,Yes,Yes,Two year,Yes,Bank transfer (automatic),110.74,4645.99,No
6297-OUDFV,Female,0,Yes,Yes,20,Yes,Yes,DSL,Yes,Yes,Yes,Yes,Yes,No,Month-to-month,No,Bank transfer (automatic),90.69,1813.1,Yes
5582-DFALQ,Female,0,No,No,22,Yes,No,Fiber optic,No,No,No,Yes,No,Yes,Month-to-month,Yes,Electronic check,87.48,1931.14,Yes
5064-KQRDE,Female,0,Yes,No,49,Yes,Yes,No,No internet service,No internet service,No internet service,No internet service,No internet service,No internet service,Two year,Yes,Mailed check,36.26,1772.15,No
1753-RRXDM,Female,0,Yes,No,51,Yes,Yes,No,No internet service,No internet service,No internet service,No internet service,No internet service,No internet service,Month-to-month,No,Bank transfer (automatic),33.53,1715.71,No
7187-LZLXO,Female,0,No,No,23,Yes,No,DSL,No,Yes,Yes,Yes,No,No,Month-to-month,Yes,Mailed check,72.89,1672.26,Yes
8333-QQLPI,Female,0,Yes,No,37,Yes,Yes,DSL,Yes,No,No,No,Yes,No,Month-to-month,No,Credit card (automatic),73.73,2723.42,Yes
1643-MPKBN,Female,0,Yes,No,35,Yes,Yes,No,No internet service,No internet service,No internet service,No internet service,No internet service,No internet service,Month-to-month,No,Mailed check,36.34,1280.87,Yes
4413-ZUDJX,Male,0,Yes,No,22,Yes,No,DSL,No,No,Yes,No,Yes,Yes,One year,No,Mailed check,75.7,1663.17,Yes
9841-UWWIM,Male,0,Yes,No,12,Yes,Yes,DSL,No,Yes,Yes,No,No,Yes,Month-to-month,Yes,Bank transfer (automatic),78.17,946.76,Yes
8271-WUVAM,Male,0,Yes,Yes,37,No,No phone service,No,No internet service,No internet service,No internet service,No internet service,No internet service,No internet service,Month-to-month,Yes,Bank transfer (automatic),21.94,806.73,Yes
1833-UTCWM,Female,0,No,No,33,Yes,No,Fiber optic,Yes,No,Yes,No,No,Yes,Month-to-month,No,Bank transfer (automatic),95.46,3154.34,No
1101-TGJNL,Male,0,No,No,33,Yes,No,No,No internet service,No internet service,No internet service,No internet service,No internet service,No internet service,Month-to-month,Yes,Bank transfer (automatic),32.41,1072.09,Yes
9243-NEFGO,Male,0,Yes,Yes,6,Yes,Yes,DSL,Yes,No,Yes,Yes,No,Yes,Month-to-month,Yes,Mailed check,84.31,495.99,No
9379-GUKYM,Female,0,No,No,35,Yes,No,DSL,No,No,Yes,No,No,No,One year,Yes,Mailed check,60.88,2138.64,Yes
6080-JQMUR,Female,0,No,No,45,No,No phone service,Fiber optic,No,No,No,No,No,No,One year,No,Electronic check,65.81,2953.96,Yes
6603-WDLII,Male,1,No,No,2,Yes,No,Fiber optic,Yes,No,Yes,No,No,No,Month-to-month,No,Mailed check,83.83,166.28,Yes
6927-SKPPN,Male,0,No,No,5,Yes,No,Fiber optic,Yes,Yes,No,No,Yes,No,Month-to-month,Yes,Credit card (automatic),92.01,450.8,Yes
2437-GBCSZ,Male,0,Yes,No,45,Yes,Yes,Fiber optic,No,Yes,No,No,No,No,Two year,Yes,Credit card (automatic),84.6,3799.67,Yes
3514-OCBFP,Female,0,Yes,Yes,32,No,No phone service,No,No internet service,No internet service,No internet service,No internet service,No internet service,No internet service,Month-to-month,No,Mailed check,21.25,679.13,No
4957-IZYXL,Male,0,Yes,No,30,Yes,No,No,No internet service,No internet service,No internet service,No internet service,No internet service,No internet service,Two year,No,Credit card (automatic),31.32,930.97,No
3307-IRXSP,Male,0,No,No,1,Yes,No,Fiber optic,No,No,No,Yes,Yes,No,Month-to-month,No,Bank transfer (automatic),86.69,87.19,Yes
2915-MPEMS,Male,1,Yes,Yes,1,No,No phone service,DSL,No,Yes,Yes,No,Yes,Yes,Month-to-month,Yes,Credit card (automatic),69.79,78.09,Yes
6985-QOQXT,Female,0,No,No,7,Yes,No,No,No internet service,No internet service,No internet service,No internet service,No internet service,No internet service,Month-to-month,Yes,Mailed check,28.75,193.13,Yes
7685-FUPZJ,Male,0,Yes,Yes,3,Yes,Yes,DSL,No,Yes,Yes,Yes,No,No,Month-to-month,Yes,Bank transfer (automatic),73.33,215.46,Yes
3312-WNEYB,Female,0,Yes,No,43,Yes,Yes,Fiber optic,Yes,No,Yes,Yes,No,No,Two year,Yes,Mailed check,93.43,4025.64,Yes
8933-COGIR,Male,0,No,No,3,Yes,Yes,Fiber optic,No,No,No,No,No,No,Month-to-month,Yes,Credit card (automatic),78.64,233.06,No
6530-IOCMC,Female,0,Yes,Yes,33,Yes,Yes,Fiber optic,Yes,No,Yes,No,Yes,Yes,One year,No,Bank transfer (automatic),104.29,3444.4,Yes
5172-VFGBE,Female,0,No,No,18,Yes,No,DSL,Yes,Yes,Yes,Yes,Yes,Yes,One year,Yes,Electronic check,92.44,1656.11,No
6679-POUIR,Male,0,Yes,Yes,1,Yes,No,No,No internet service,No internet service,No internet service,No internet service,No internet service,No internet service,Month-to-month,No,Mailed check,32.92,23.59,No
7415-WSICA,Female,0,Yes,Yes,31,Yes,No,Fiber optic,No,No,No,Yes,Yes,No,One year,Yes,Bank transfer (automatic),86.74,2692.74,No
1122-QMDXY,Female,0,Yes,Yes,49,Yes,Yes,Fiber optic,No,No,No,Yes,Yes,Yes,Two year,Yes,Bank transfer (automatic),100.09,4894.7,No
1982-RFZIT,Female,0,No,No,27,No,No phone service,DSL,No,No,No,No,No,Yes,One year,Yes,Bank transfer (automatic),55.82,1510.22,Yes
5492-UQFSV,Female,0,No,No,19,Yes,No,Fiber optic,Yes,No,No,No,Yes,No,Month-to-month,Yes,Bank transfer (automatic),88.48,1677.39,No
2113-VNCSZ,Female,0,No,No,1,Yes,No,No,No internet service,No internet service,No internet service,No internet service,No internet service,No internet service,Month-to-month,No,Credit card (automatic),29.64,27.88,Yes
4746-SLIEV,Female,0,Yes,Yes,9,Yes,Yes,Fiber optic,Yes,No,Yes,No,No,No,One year,Yes,Bank transfer (automatic),92.2,823.76,Yes
4765-MKHHY,Female,0,Yes,No,43,Yes,Yes,Fiber optic,Yes,No,Yes,Yes,Yes,Yes,Month-to-month,Yes,Mailed check,110.81,4769.97,Yes
4116-PEQAS,Female,0,Yes,No,1,Yes,No,No,No internet service,No internet service,No internet service,No internet service,No internet service,No internet service,Month-to-month,No,Bank transfer (automatic),28.99,20.08,Yes
9822-YRRTK,Male,1,No,No,3,Yes,No,Fiber optic,No,No,No,No,No,No,Month-to-month,No,Mailed check,75.16,229.17,Yes
6067-FKERJ,Male,0,No,No,7,Yes,No,Fiber optic,No,Yes,No,Yes,No,No,Month-to-month,Yes,Mailed check,84.05,596.61,Yes
8338-TEGYS,Female,0,Yes,Yes,50,Yes,No,Fiber optic,No,Yes,Yes,Yes,No,No,Two year,No,Credit card (automatic),90.08,4496.11,No
5886-PTCBJ,Female,0,No,No,55,Yes,No,No,No internet service,No internet service,No internet service,No internet service,No internet service,No internet service,Two year,No,Mailed check,29.36,1609.81,No
5174-XTRUQ,Female,1,No,No,2,Yes,No,DSL,No,Yes,Yes,No,No,Yes,Month-to-month,No,Mailed check,74.48,,Yes
5056-ODPEM,Male,0,Yes,Yes,47,Yes,Yes,DSL,Yes,Yes,Yes,Yes,Yes,Yes,Two year,Yes,Electronic check,96.51,4533.31,Yes
3511-GCDBF,Female,0,Yes,No,72,Yes,Yes,No,No internet service,No internet service,No internet service,No internet service,No internet service,No internet service,Two year,Yes,Mailed check,33.4,2404.5,No
3002-OXMAC,Female,0,Yes,Yes,13,Yes,No,DSL,No,No,Yes,Yes,Yes,Yes,Month-to-month,No,Electronic check,83.76,1086.4,Yes
4482-VEHIG,Male,0,No,No,29,Yes,Yes,Fiber optic,No,No,No,No,No,Yes,One year,Yes,Electronic check,90.49,2628.01,Yes
3185-MNEAG,Male,0,Yes,No,3,Yes,Yes,DSL,No,Yes,Yes,Yes,Yes,Yes,Month-to-month,Yes,Electronic check,89.13,274.61,No
4517-ESODT,Female,0,No,No,22,Yes,No,DSL,Yes,Yes,Yes,Yes,Yes,Yes,Month-to-month,Yes,Credit card (automatic),91.82,2024.55,Yes
4524-EKRCT,Female,0,Yes,Yes,41,Yes,No,DSL,No,Yes,Yes,Yes,No,Yes,Two year,Yes,Credit card (automatic),80.37,3300.25,No
4831-UEBOC,Female,0,Yes,Yes,27,Yes,No,Fiber optic,Yes,Yes,No,Yes,Yes,No,One year,Yes,Bank transfer (automatic),99.98,2689.51,Yes
6241-EHYLG,Female,0,No,No,1,Yes,No,No,No internet service,No internet service,No internet service,No internet service,No internet service,No internet service,Month-to-month,Yes,Electronic check,30.8,35.32,No
8364-KRVIN,Female,0,Yes,Yes,2,No,No phone service,Fiber optic,No,Yes,No,No,Yes,Yes,Month-to-month,Yes,Electronic check,84.59,172.97,Yes
3137-ACTBF,Male,0,Yes,No,15,Yes,Yes,Fiber optic,Yes,No,Yes,Yes,No,Yes,One year,Yes,Electronic check,101.33,1519.33,No
5475-WMCCB,Female,0,No,No,10,No,No phone service,Fiber optic,No,No,No,Yes,Yes,Yes,Month-to-month,No,Bank transfer (automatic),88.15,880.46,Yes
1413-IHRYO,Male,0,Yes,Yes,54,Yes,No,DSL,No,No,No,No,No,No,One year,Yes,Electronic check,55.92,3016.45,Yes
7538-TCBDC,Female,0,Yes,No,69,Yes,No,DSL,Yes,Yes,Yes,Yes,Yes,No,Two year,No,Bank transfer (automatic),85.79,5915.62,No
3656-LRIED,Female,0,Yes,No,9,Yes,No,No,No internet service,No internet service,No internet service,No internet service,No internet service,No internet service,Month-to-month,No,Bank transfer (automatic),31.54,283.84,No
3808-QWEQI,Female,0,Yes,Yes,9,No,No phone service,DSL,Yes,Yes,No,No,Yes,No,Month-to-month,No,Bank transfer (automatic),63.67,568.36,Yes
5070-PGSKR,Male,0,Yes,No,58,Yes,No,No,No internet service,No internet service,No internet service,No internet service,No internet service,No internet service,Two year,Yes,Mailed check,30.37,1758.13,No
4698-VWXYQ,Male,0,No,No,72,Yes,Yes,Fiber optic,No,Yes,Yes,No,Yes,Yes,Two year,Yes,Mailed check,105.28,7583.94,No
7809-FEWOE,Male,0,No,No,12,Yes,No,DSL,No,No,No,Yes,No,Yes,Month-to-month,Yes,Bank transfer (automatic),70.67,839.72,Yes
6562-GOHOM,Female,0,Yes,No,6,Yes,No,Fiber optic,Yes,No,No,Yes,Yes,No,Month-to-month,Yes,Electronic check,91.62,557.92,Yes
9046-QEGKE,Female,0,No,No,35,Yes,No,DSL,Yes,No,No,Yes,No,Yes,One year,No,Electronic check,73.32,2572.39,Yes
2233-UFHWE,Male,1,No,No,45,Yes,Yes,Fiber optic,No,No,Yes,Yes,Yes,Yes,One year,Yes,Credit card (automatic),108.9,4908.58,Yes
8838-NRZYI,Male,0,Yes,No,20,Yes,Yes,Fiber optic,No,No,No,Yes,Yes,No,Month-to-month,No,Credit card (automatic),92.21,1843.12,Yes
2678-WDWBX,Male,0,Yes,Yes,14,Yes,No,Fiber optic,No,Yes,No,Yes,Yes,Yes,Month-to-month,No,Bank transfer (automatic),99.01,1390.68,Yes
7804-BXTEZ,Male,0,No,No,1,Yes,Yes,DSL,Yes,Yes,Yes,Yes,No,Yes,Month-to-month,Yes,Bank transfer (automatic),86.71,77.44,Yes
7472-TQVTL,Female,0,Yes,No,6,Yes,No,Fiber optic,No,Yes,No,No,Yes,No,Month-to-month,Yes,Credit card (automatic),86.85,525.21,Yes
7932-BZPES,Female,0,No,No,40,Yes,No,DSL,No,No,Yes,No,Yes,Yes,Two year,Yes,Bank transfer (automatic),76.49,3061.1,No
9759-WFLAI,Male,1,Yes,No,3,Yes,Yes,No,No internet service,No internet service,No internet service,No internet service,No internet service,No internet service,Month-to-month,Yes,Bank transfer (automatic),37.09,105.87,Yes
4872-IVTWN,Female,0,No,No,48,Yes,Yes,Fiber optic,No,Yes,No,No,No,No,Two year,Yes,Credit card (automatic),84.63,4053.88,Yes
1932-CHKRJ,Female,0,Yes,No,41,Yes,No,No,No internet service,No internet service,No internet service,No internet service,No internet service,No internet service,Two year,Yes,Bank transfer (automatic),28.3,1157.28,No
4836-IJIUQ,Female,0,No,No,30,Yes,No,No,No internet service,No internet service,No internet service,No internet service,No internet service,No internet service,One year,No,Credit card (automatic),32.61,986.83,No
6287-LFWGV,Female,0,Yes,Yes,44,Yes,No,Fiber optic,No,No,No,Yes,Yes,No,Two year,No,Mailed check,90.26,3978.48,No
3869-QOTZI,Male,0,No,No,5,Yes,Yes,No,No internet service,No internet service,No internet service,No internet service,No internet service,No internet service,Month-to-month,Yes,Mailed check,36.32,178.39,Yes
1015-BGCOC,Male,0,No,No,8,Yes,No,Fiber optic,No,No,Yes,No,Yes,Yes,Month-to-month,No,Credit card (automatic),95.88,761.99,Yes
5658-KISTA,Male,0,Yes,Yes,19,Yes,Yes,No,No internet service,No internet service,No internet service,No internet service,No internet service,No internet service,One year,Yes,Credit card (automatic),33.38,634.76,No
9126-EDEJJ,Male,0,Yes,Yes,40,Yes,Yes,DSL,No,Yes,No,Yes,Yes,Yes,Month-to-month,No,Mailed check,84.31,3378.7,Yes
2422-NHKUL,Male,0,Yes,Yes,37,Yes,Yes,Fiber optic,Yes,Yes,Yes,Yes,No,No,One year,No,Credit card (automatic),100.49,3717.28,Yes
4934-WIYJJ,Female,0,Yes,Yes,31,Yes,Yes,Fiber optic,No,No,Yes,No,Yes,Yes,One year,No,Mailed check,100.91,3122.3,Yes
4365-GBQTE,Male,0,Yes,Yes,31,Yes,Yes,No,No internet service,No internet service,No internet service,No internet service,No internet service,No internet service,One year,Yes,Bank transfer (automatic),34.68,1080.79,No
3347-JADUA,Female,0,Yes,Yes,8,No,No phone service,DSL,No,No,No,No,Yes,Yes,Month-to-month,No,Credit card (automatic),63.8,511.65,Yes
5177-RLWXL,Male,0,No,No,13,Yes,No,Fiber optic,No,Yes,No,Yes,Yes,Yes,Month-to-month,Yes,Bank transfer (automatic),101.54,1314.14,Yes
2829-EONNT,Male,0,No,No,14,Yes,No,DSL,Yes,No,No,Yes,No,No,One year,No,Credit card (automatic),66.28,923.78,No
5119-TDVAG,Female,0,Yes,No,30,Yes,No,Fiber optic,No,No,No,No,No,Yes,Month-to-month,No,Credit card (automatic),84.81,2546.28,Yes
1738-DRJYT,Male,0,Yes,No,67,No,No phone service,Fiber optic,Yes,Yes,Yes,Yes,No,Yes,Month-to-month,Yes,Electronic check,95.14,6374.29,Yes
7936-BGKFH,Female,0,Yes,No,9,Yes,No,DSL,No,No,No,No,Yes,No,Month-to-month,Yes,Mailed check,64.59,585.54,Yes
4296-WTTMX,Female,0,No,No,29,Yes,No,DSL,No,Yes,No,No,No,Yes,One year,No,Bank transfer (automatic),70.18,2038.77,Yes
7903-KZXZO,Female,0,Yes,Yes,9,Yes,Yes,Fiber optic,No,No,No,Yes,No,Yes,Month-to-month,No,Electronic check,92.1,830.64,Yes
4078-EGJBD,Female,0,Yes,No,50,Yes,Yes,DSL,No,No,No,No,No,No,One year,Yes,Credit card (automatic),61.7,3076.71,No
4677-BEQGF,Male,0,No,No,44,Yes,Yes,Fiber optic,No,No,Yes,Yes,Yes,Yes,Two year,Yes,Bank transfer (automatic),106.03,4673.65,No
2812-MFCPO,Female,0,Yes,No,53,Yes,No,DSL,Yes,No,Yes,No,Yes,Yes,Two year,Yes,Credit card (automatic),79.94,4235.16,No
6780-MJQHT,Female,0,Yes,No,1,Yes,Yes,No,No internet service,No internet service,No internet service,No internet service,No internet service,No internet service,Month-to-month,Yes,Mailed check,35.34,25.71,No
6055-TELWZ,Male,0,No,No,6,Yes,Yes,No,No internet service,No internet service,No internet service,No internet service,No internet service,No internet service,Month-to-month,No,Credit card (automatic),33.4,201.54,No
3478-AGZAV,Female,0,No,No,2,No,No phone service,DSL,Yes,No,Yes,Yes,Yes,Yes,Month-to-month,No,Mailed check,76.51,144.59,Yes
1491-VFKKF,Female,0,Yes,No,35,Yes,No,Fiber optic,No,No,Yes,Yes,Yes,No,One year,No,Mailed check,94.34,3303.92,No
1505-VMFQF,Male,0,Yes,No,56,Yes,Yes,No,No internet service,No internet service,No internet service,No internet service,No internet service,No internet service,Two year,No,Credit card (automatic),37.76,2111.16,No
2607-PIVVT,Male,0,No,No,31,Yes,No,No,No internet service,No internet service,No internet service,No internet service,No internet service,No internet service,Month-to-month,No,Mailed check,31.51,982.27,Yes
5653-WQUPN,Male,0,Yes,No,53,Yes,Yes,Fiber optic,Yes,No,Yes,No,No,No,Two year,Yes,Bank transfer (automatic),90.87,4811.03,No
7688-WLVDX,Male,0,No,No,10,Yes,No,DSL,No,Yes,Yes,No,No,No,Month-to-month,Yes,Bank transfer (automatic),66.7,663.4,Yes
7705-WBWXN,Female,0,No,No,49,Yes,Yes,Fiber optic,Yes,No,No,No,No,Yes,Two year,Yes,Mailed check,93.82,4600.2,No
6973-YTTJA,Male,0,No,No,52,Yes,No,DSL,Yes,No,No,Yes,No,Yes,Two year,Yes,Credit card (automatic),73.67,3840.74,No
1011-RAWFQ,Male,0,Yes,No,15,Yes,No,No,No internet service,No internet service,No internet service,No internet service,No internet service,No internet service,Month-to-month,Yes,Credit card (automatic),30.14,446.5,Yes
1285-FLHGF,Female,0,No,No,23,Yes,Yes,No,No internet service,No internet service,No internet service,No internet service,No internet service,No internet service,Month-to-month,Yes,Electronic check,34.74,802.21,Yes
5702-VWPMA,Female,0,No,No,58,Yes,Yes,DSL,Yes,No,No,Yes,No,No,Two year,No,Credit card (automatic),71.73,4155.16,No
6796-NNNBE,Male,0,Yes,No,17,Yes,No,Fiber optic,No,Yes,No,No,No,Yes,Month-to-month,No,Bank transfer (automatic),88.58,1501.98,No
5814-KVPMT,Male,1,Yes,No,2,No,No phone service,Fiber optic,No,Yes,No,No,No,No,Month-to-month,No,Mailed check,71.15,146.87,Yes
7584-TGOZO,Female,1,Yes,No,5,Yes,No,No,No internet service,No internet service,No internet service,No internet service,No internet service,No internet service,Month-to-month,Yes,Mailed check,28.72,137.62,Yes
5813-DRQRS,Female,0,Yes,Yes,34,No,No phone service,No,No internet service,No internet service,No internet service,No internet service,No internet service,No internet service,One year,No,Mailed check,21.78,742.54,No
1235-PEPBE,Female,0,Yes,No,1,Yes,Yes,Fiber optic,Yes,No,No,No,No,No,Month-to-month,Yes,Credit card (automatic),87.16,93.99,Yes
6245-XVXUV,Male,0,No,No,2,Yes,No,Fiber optic,No,No,Yes,Yes,Yes,Yes,Month-to-month,Yes,Mailed check,102.45,206.27,Yes
8335-SETGE,Male,0,No,No,9,No,No phone service,Fiber optic,Yes,No,Yes,Yes,Yes,Yes,Month-to-month,Yes,Credit card (automatic),96.55,860.08,Yes
8357-KLBDS,Male,0,Yes,Yes,54,Yes,No,Fiber optic,No,No,No,Yes,No,Yes,Two year,Yes,Electronic check,87.05,4690.96,No
9681-MPQGP,Male,0,No,No,54,Yes,No,DSL,Yes,Yes,No,No,No,No,Two year,No,Bank transfer (automatic),63.47,3432.28,No
8415-JELHU,Male,0,No,No,32,Yes,No,DSL,Yes,Yes,No,Yes,Yes,Yes,One year,Yes,Credit card (automatic),86.38,2759.15,Yes
6641-BLHKZ,Female,1,No,No,49,Yes,Yes,DSL,Yes,Yes,Yes,Yes,No,No,Two year,Yes,Electronic check,78.89,3865.31,No
8017-BXHTI,Male,0,Yes,No,47,Yes,Yes,Fiber optic,No,No,Yes,No,No,No,Month-to-month,Yes,Electronic check,84.58,3982.87,Yes
8708-WYQKN,Male,0,Yes,No,6,No,No phone service,DSL,Yes,No,Yes,No,Yes,No,Month-to-month,No,Credit card (automatic),63.9,382.65,No
8887-KUYZQ,Male,0,No,No,72,Yes,No,DSL,No,No,Yes,No,Yes,Yes,Two year,No,Mailed check,74.89,5393.52,No
3878-YSDTA,Female,0,Yes,No,69,Yes,Yes,DSL,No,No,No,No,No,Yes,One year,No,Mailed check,67.59,4671.66,No
4916-CTBGK,Male,0,Yes,No,27,Yes,Yes,DSL,No,No,Yes,No,No,No,One year,Yes,Electronic check,65.13,1764.37,No
8154-RCDTJ,Female,0,No,No,58,No,No phone service,No,No internet service,No internet service,No internet service,No internet service,No internet service,No internet service,Two year,Yes,Bank transfer (automatic),22.8,1316.61,No
1828-RNWNF,Male,0,No,No,1,Yes,No,DSL,No,No,Yes,No,Yes,Yes,Month-to-month,Yes,Mailed check,74.08,75.16,Yes
2689-MTZDU,Male,0,No,No,43,Yes,Yes,Fiber optic,No,No,No,Yes,Yes,No,One year,No,Mailed check,92.27,3970.65,Yes
1566-FCSRK,Male,0,No,No,68,Yes,Yes,DSL,No,No,No,No,Yes,No,One year,No,Bank transfer (automatic),68.27,4650.64,No
7199-DXJTC,Male,0,No,No,8,Yes,No,Fiber optic,No,Yes,Yes,Yes,No,Yes,Month-to-month,Yes,Electronic check,99.19,792.36,Yes
6496-FVQXS,Male,0,No,No,9,Yes,Yes,Fiber optic,No,No,No,No,No,No,Month-to-month,No,Mailed check,82.24,733.11,Yes
6720-BERDF,Male,0,No,No,20,Yes,Yes,No,No internet service,No internet service,No internet service,No internet service,No internet service,No internet service,Month-to-month,Yes,Electronic check,36.21,714.51,Yes
3810-QJERA,Female,0,Yes,No,10,Yes,Yes,No,No internet service,No internet service,No internet service,No internet service,No internet service,No internet service,Month-to-month,Yes,Bank transfer (automatic),34.17,336.15,Yes
2999-MCLTJ,Male,0,Yes,Yes,6,Yes,Yes,Fiber optic,Yes,Yes,Yes,Yes,No,Yes,Month-to-month,Yes,Bank transfer (automatic),106.69,647.03,No
9970-AZEPE,Male,0,Yes,Yes,58,Yes,Yes,Fiber optic,No,Yes,Yes,No,Yes,Yes,Two year,Yes,Mailed check,105.83,6142.98,Yes
5105-PVUGF,Female,0,Yes,Yes,38,Yes,No,DSL,Yes,No,Yes,No,Yes,Yes,One year,Yes,Electronic check,81.61,3103.99,No
5710-ORVPB,Female,0,No,No,12,No,No phone service,DSL,No,No,Yes,No,Yes,No,Month-to-month,Yes,Mailed check,60.56,726.05,Yes
1972-PMHMR,Male,0,No,No,2,Yes,No,No,No internet service,No internet service,No internet service,No internet service,No internet service,No internet service,Month-to-month,No,Electronic check,28.15,60.5,Yes
9648-RNHYK,Female,0,No,No,1,Yes,No,No,No internet service,No internet service,No internet service,No internet service,No internet service,No internet service,Month-to-month,Yes,Credit card (automatic),29.89,19.99,Yes
7451-JBHWM,Male,1,Yes,No,7,Yes,Yes,Fiber optic,Yes,No,Yes,No,Yes,No,Month-to-month,Yes,Mailed check,99.87,691.43,Yes
7486-PSMLD,Female,0,No,No,2,No,No phone service,No,No internet service,No internet service,No internet service,No internet service,No internet service,No internet service,Month-to-month,No,Mailed check,21.33,34.63,Yes
8698-NLDVO,Male,0,No,No,43,Yes,No,Fiber optic,Yes,Yes,Yes,Yes,Yes,No,One year,Yes,Bank transfer (automatic),101.68,4376.2,No
1684-NNIEU,Female,0,No,No,3,Yes,Yes,Fiber optic,Yes,Yes,No,No,No,No,Month-to-month,No,Bank transfer (automatic),91.64,268.95,No
8365-WATYB,Female,0,Yes,No,4,Yes,No,No,No internet service,No internet service,No internet service,No internet service,No internet service,No internet service,Month-to-month,No,Bank transfer (automatic),30.87,132.4,Yes
7306-CYRUG,Female,0,No,No,10,Yes,Yes,DSL,Yes,Yes,No,Yes,No,No,Month-to-month,Yes,Bank transfer (automatic),77.45,765.13,No
3646-UXNUL,Female,0,No,No,42,No,No phone service,Fiber optic,Yes,No,No,No,Yes,Yes,One year,Yes,Bank transfer (automatic),87.82,3680.81,Yes
6436-LOSLX,Male,0,No,No,1,Yes,Yes,DSL,Yes,Yes,Yes,No,No,Yes,Month-to-month,Yes,Electronic check,84.12,82.21,Yes
5787-CSROI,Female,0,Yes,Yes,20,Yes,Yes,Fiber optic,No,No,Yes,Yes,No,No,One year,Yes,Credit card (automatic),88.11,1768.63,Yes
5185-GSWHH,Male,1,No,No,3,Yes,No,DSL,No,No,Yes,Yes,Yes,Yes,Month-to-month,Yes,Credit card (automatic),80.56,247.19,Yes
8967-EKTEO,Female,0,No,No,4,Yes,Yes,DSL,No,No,No,Yes,No,Yes,Month-to-month,No,Credit card (automatic),74.45,304.05,Yes
6270-ZLYNV,Male,0,No,No,18,No,No phone service,Fiber optic,Yes,No,Yes,Yes,No,Yes,One year,No,Credit card (automatic),88.3,1590.56,Yes
7574-AQMYS,Female,1,Yes,Yes,44,No,No phone service,DSL,Yes,Yes,No,Yes,Yes,Yes,One year,Yes,Credit card (automatic),78.23,3441.42,Yes
1009-LZWOS,Female,1,No,No,8,Yes,No,DSL,Yes,No,No,Yes,No,Yes,Month-to-month,Yes,Electronic check,74.44,589.73,Yes
2649-MSMDW,Female,1,No,No,57,Yes,Yes,Fiber optic,No,Yes,Yes,No,No,No,Two year,Yes,Credit card (automatic),88.63,5050.28,No
7290-UZNZB,Male,0,Yes,Yes,9,No,No phone service,Fiber optic,No,No,Yes,Yes,No,Yes,Month-to-month,Yes,Electronic check,84.51,768.01,Yes
2533-WEUBV,Female,0,No,No,41,Yes,No,Fiber optic,No,Yes,No,Yes,Yes,No,Two year,Yes,Electronic check,94.46,3871.1,No
4625-ISYNL,Male,0,Yes,Yes,66,Yes,Yes,DSL,Yes,No,No,Yes,Yes,Yes,Two year,Yes,Credit card (automatic),88.29,5832.28,No
7305-HIJKI,Male,0,No,No,30,Yes,No,Fiber optic,Yes,No,Yes,No,Yes,No,Two year,Yes,Bank transfer (automatic),92.45,2766.03,Yes
9948-PRYIK,Male,0,Yes,Yes,11,Yes,No,DSL,Yes,No,No,Yes,No,Yes,One year,Yes,Credit card (automatic),74.47,816.43,No
4289-MNPFV,Male,0,Yes,Yes,9,Yes,No,Fiber optic,Yes,Yes,No,No,Yes,Yes,Month-to-month,Yes,Bank transfer (automatic),101.08,901.5,Yes
7171-CDSXU,Male,1,Yes,Yes,72,Yes,No,Fiber optic,No,Yes,Yes,Yes,Yes,No,Two year,Yes,Electronic check,96.84,6976.89,Yes
9769-HUOWR,Male,0,No,No,5,Yes,Yes,Fiber optic,Yes,No,Yes,No,Yes,Yes,Month-to-month,No,Electronic check,105.62,528.94,Yes
1195-IRZBD,Male,0,No,No,51,Yes,Yes,Fiber optic,No,Yes,Yes,Yes,No,No,Two year,No,Mailed check,94.71,4833.04,No
8079-VPAEC,Male,0,Yes,Yes,25,Yes,No,DSL,No,Yes,Yes,Yes,Yes,No,Month-to-month,No,Credit card (automatic),80.15,2009.27,Yes
2880-DRSOW,Female,0,Yes,Yes,44,Yes,No,Fiber optic,No,Yes,Yes,No,Yes,Yes,Two year,Yes,Mailed check,99.4,4380.47,No
7052-KRMXD,Female,0,No,No,38,Yes,Yes,No,No internet service,No internet service,No internet service,No internet service,No internet service,No internet service,Two year,Yes,Bank transfer (automatic),37.9,1442.67,No
5967-GNRKQ,Female,0,Yes,No,46,Yes,No,DSL,Yes,Yes,Yes,Yes,Yes,No,Two year,No,Bank transfer (automatic),85.47,3941.2,No
9015-KCECF,Female,0,No,No,6,Yes,No,Fiber optic,No,Yes,Yes,No,Yes,Yes,Month-to-month,Yes,Electronic check,101.59,606.92,Yes
5575-VRMNO,Male,0,Yes,Yes,24,Yes,No,Fiber optic,Yes,Yes,No,No,Yes,No,One year,Yes,Mailed check,91.69,2198.85,Yes
3851-MFGNP,Female,0,No,No,60,Yes,Yes,DSL,Yes,Yes,Yes,Yes,No,No,One year,Yes,Electronic check,80.1,4807.28,No
1290-DKTHL,Female,0,No,No,1,Yes,No,DSL,Yes,Yes,Yes,Yes,Yes,Yes,Month-to-month,No,Electronic check,93.13,91.75,Yes
7995-ZWQXK,Female,0,No,No,35,Yes,Yes,No,No internet service,No internet service,No internet service,No internet service,No internet service,No internet service,One year,No,Electronic check,33.4,1176.45,Yes
4775-NGMOK,Male,0,No,No,2,Yes,No,DSL,No,Yes,Yes,No,Yes,Yes,Month-to-month,Yes,Mailed check,83.71,160.01,Yes
6899-XMLEL,Female,0,No,No,43,Yes,Yes,Fiber optic,No,Yes,Yes,Yes,No,No,One year,Yes,Electronic check,94.14,4045.59,Yes
7491-SNONH,Male,0,No,No,72,Yes,Yes,Fiber optic,No,No,No,No,Yes,No,Two year,Yes,Mailed check,89.41,6431.07,No
3143-QBZYI,Male,0,No,No,18,Yes,No,Fiber optic,No,No,No,Yes,No,Yes,One year,No,Electronic check,90.37,1634.05,Yes
5760-UIUDZ,Male,0,No,No,23,Yes,Yes,Fiber optic,Yes,No,Yes,Yes,No,No,Month-to-month,Yes,Credit card (automatic),95.85,2197.3,No
9276-XPWJT,Female,0,Yes,No,38,Yes,Yes,Fiber optic,Yes,Yes,Yes,Yes,Yes,Yes,One year,Yes,Bank transfer (automatic),114.89,4372.16,No
1945-KIIII,Female,0,Yes,No,2,Yes,Yes,Fiber optic,Yes,Yes,Yes,No,No,No,Month-to-month,No,Bank transfer (automatic),93.78,181.05,No
5800-WSPKJ,Male,0,Yes,No,2,No,No phone service,Fiber optic,No,Yes,No,Yes,No,Yes,Month-to-month,No,Electronic check,81.9,158.14,Yes
4369-TGGLJ,Female,0,No,No,37,Yes,No,Fiber optic,Yes,No,No,No,No,Yes,One year,Yes,Electronic check,86.05,3188.03,Yes
2509-GMMQR,Male,0,Yes,No,22,Yes,Yes,Fiber optic,No,No,No,No,No,No,One year,No,Bank transfer (automatic),80.37,1774.01,No
2476-LTETJ,Female,0,Yes,No,2,Yes,Yes,No,No internet service,No internet service,No internet service,No internet service,No internet service,No internet service,Month-to-month,Yes,Mailed check,34.93,79.64,No
7090-SWILT,Female,0,No,No,46,Yes,No,DSL,Yes,Yes,No,Yes,Yes,No,One year,No,Credit card (automatic),77.34,3562.16,No
2179-EJGSU,Male,0,Yes,Yes,31,Yes,Yes,Fiber optic,No,No,No,No,No,Yes,One year,Yes,Electronic check,88.92,2747.79,Yes
6519-KZFAQ,Male,0,Yes,No,13,Yes,Yes,DSL,No,No,Yes,No,No,Yes,Month-to-month,No,Electronic check,71.45,933.67,Yes
4201-WRMQR,Male,0,No,No,32,No,No phone service,Fiber optic,No,Yes,No,No,No,No,Month-to-month,Yes,Electronic check,69.67,2225.4,Yes
1605-MZSXJ,Male,0,Yes,No,8,No,No phone service,DSL,Yes,Yes,Yes,Yes,Yes,Yes,Month-to-month,Yes,Mailed check,80.96,649.12,Yes
5289-KEGTV,Female,1,No,No,32,Yes,Yes,DSL,Yes,No,Yes,No,Yes,No,One year,No,Electronic check,78.36,2510.85,No
6504-OEFJW,Female,0,Yes,No,58,Yes,Yes,No,No internet service,No internet service,No internet service,No internet service,No internet service,No internet service,One year,Yes,Mailed check,36.84,2137.66,No
3905-PFGYO,Female,0,No,No,33,Yes,Yes,Fiber optic,No,No,No,No,Yes,No,One year,Yes,Bank transfer (automatic),90.25,2978.23,Yes
6897-ILDNC,Male,0,Yes,No,64,No,No phone service,Fiber optic,Yes,Yes,No,No,No,No,Two year,No,Bank transfer (automatic),76.75,4916.94,No
2820-QIAAX,Female,0,No,No,31,Yes,No,DSL,No,No,No,Yes,Yes,No,One year,Yes,Credit card (automatic),67.88,2110.88,No
5844-KIYGV,Female,0,No,No,8,No,No phone service,DSL,Yes,No,Yes,Yes,No,Yes,Month-to-month,Yes,Electronic check,67.72,535.39,Yes
4387-OQGZB,Male,1,No,No,16,Yes,Yes,Fiber optic,No,No,Yes,No,Yes,No,Month-to-month,No,Credit card (automatic),91.82,1460.64,Yes
8975-LZKAN,Female,0,Yes,Yes,22,Yes,Yes,DSL,No,No,No,Yes,No,No,One year,Yes,Bank transfer (automatic),65.53,1443.57,No
6934-LGUPG,Female,0,No,No,43,Yes,No,Fiber optic,Yes,No,Yes,No,No,No,One year,Yes,Credit card (automatic),84.39,3627.54,Yes
3320-FHLJX,Male,0,Yes,No,59,Yes,No,DSL,No,No,No,Yes,Yes,Yes,One year,No,Electronic check,77.2,4545.37,Yes
1201-IJCFI,Female,0,No,No,6,Yes,Yes,DSL,Yes,No,No,Yes,No,No,Month-to-month,Yes,Credit card (automatic),68.52,403.81,Yes
5046-YXUTI,Male,0,Yes,No,44,Yes,No,Fiber optic,No,Yes,No,Yes,Yes,Yes,One year,Yes,Electronic check,101.63,4472.92,No
6328-QNWDS,Female,0,No,No,46,Yes,No,Fiber optic,Yes,Yes,No,No,Yes,Yes,One year,No,Credit card (automatic),101.06,4650.14,No
9168-NIIAW,Male,0,No,No,12,Yes,No,Fiber optic,Yes,No,Yes,No,Yes,Yes,Month-to-month,No,Electronic check,103.65,1246.04,Yes
3417-KDNIK,Male,0,No,No,1,Yes,No,Fiber optic,No,No,Yes,Yes,No,No,Month-to-month,Yes,Credit card (automatic),83.82,89.85,Yes
2483-SPWOR,Female,1,No,No,21,Yes,Yes,No,No internet service,No internet service,No internet service,No internet service,No internet service,No internet service,One year,No,Electronic check,34.82,736.05,Yes
8818-DNWYA,Female,0,Yes,Yes,29,Yes,Yes,DSL,No,No,No,Yes,Yes,Yes,Month-to-month,Yes,Bank transfer (automatic),80.94,2342.11,Yes
1460-VEWNI,Female,0,Yes,Yes,36,No,No phone service,Fiber optic,Yes,No,Yes,Yes,No,Yes,One year,Yes,Electronic check,90.35,3251.12,Yes
1579-VNNAO,Male,0,No,No,72,Yes,Yes,Fiber optic,No,No,Yes,Yes,No,No,Month-to-month,Yes,Credit card (automatic),88.23,6350.54,Yes
6732-OLGXU,Female,1,Yes,Yes,29,Yes,No,DSL,No,Yes,No,Yes,No,Yes,One year,Yes,Electronic check,71.13,2063.58,Yes
6330-NDINT,Female,0,Yes,No,37,Yes,Yes,No,No internet service,No internet service,No internet service,No internet service,No internet service,No internet service,One year,Yes,Bank transfer (automatic),33.43,1228.1,No
5963-PDJND,Male,1,No,No,6,Yes,No,DSL,Yes,Yes,No,Yes,No,No,Month-to-month,No,Bank transfer (automatic),68.23,400.21,No
6500-OAQPD,Female,1,Yes,No,54,Yes,No,DSL,Yes,No,No,No,Yes,Yes,Two year,No,Credit card (automatic),75.06,4047.59,No
3295-WHINT,Female,1,Yes,Yes,62,Yes,No,Fiber optic,Yes,No,No,No,No,Yes,Two year,No,Electronic check,89.85,5575.29,Yes
4468-PYOHZ,Female,0,Yes,No,1,Yes,Yes,Fiber optic,No,Yes,No,Yes,No,Yes,Month-to-month,Yes,Electronic check,100.76,100.78,Yes
7520-ZYXCX,Male,0,No,No,71,Yes,Yes,DSL,Yes,Yes,No,Yes,Yes,No,Two year,Yes,Bank transfer (automatic),85.64,6078.14,Yes
8195-GEJKD,Female,0,No,No,23,Yes,Yes,DSL,No,No,No,No,No,No,Month-to-month,Yes,Electronic check,61.15,1409.4,Yes
8394-DXQCI,Female,1,No,No,15,Yes,No,DSL,Yes,No,Yes,No,No,No,Month-to-month,Yes,Credit card (automatic),64.66,976.86,Yes
2716-JLHIR,Male,0,No,No,41,Yes,No,DSL,No,No,Yes,Yes,Yes,No,One year,Yes,Bank transfer (automatic),73.97,3032.47,No
1342-PVVLP,Female,0,No,No,12,Yes,No,DSL,No,Yes,No,No,Yes,No,Month-to-month,Yes,Bank transfer (automatic),66.02,785.65,Yes
4118-JHIIC,Male,1,No,No,47,Yes,Yes,DSL,Yes,No,Yes,No,No,Yes,One year,No,Bank transfer (automatic),77.37,3629.04,No
6931-UWIJX,Male,0,No,No,3,Yes,Yes,Fiber optic,Yes,No,Yes,No,Yes,Yes,Month-to-month,Yes,Mailed check,105.53,320.44,Yes
4471-MYTGK,Male,0,Yes,Yes,29,Yes,No,No,No internet service,No internet service,No internet service,No internet service,No internet service,No internet service,Month-to-month,Yes,Credit card (automatic),30.19,874.2,No
9300-UWPVT,Female,0,No,No,6,Yes,Yes,Fiber optic,No,No,Yes,Yes,Yes,No,Month-to-month,Yes,Credit card (automatic),96.78,588.01,Yes
7607-KGVZA,Female,0,No,No,17,Yes,Yes,Fiber optic,Yes,Yes,Yes,Yes,No,Yes,One year,No,Mailed check,110.37,1875.96,No
6595-GBFRF,Male,1,No,No,17,Yes,Yes,Fiber optic,Yes,Yes,No,No,No,Yes,Month-to-month,Yes,Credit card (automatic),96.68,1634.73,Yes
4638-NVTPW,Male,1,No,No,5,Yes,Yes,DSL,No,Yes,No,No,Yes,No,Month-to-month,No,Bank transfer (automatic),73.9,361.19,Yes
7984-AKESJ,Female,0,Yes,Yes,22,No,No phone service,No,No internet service,No internet service,No internet service,No internet service,No internet service,No internet service,Month-to-month,Yes,Mailed check,19.55,439.14,No
3159-DYIQO,Male,0,No,No,29,No,No phone service,DSL,Yes,Yes,No,Yes,No,Yes,Month-to-month,Yes,Bank transfer (automatic),66.17,1915.39,Yes
9133-YADPN,Male,0,No,No,33,Yes,Yes,No,No internet service,No internet service,No internet service,No internet service,No internet service,No internet service,Two year,No,Credit card (automatic),35.65,1174.82,No
9739-FOTOV,Male,1,Yes,Yes,12,Yes,Yes,Fiber optic,Yes,No,Yes,No,Yes,Yes,Month-to-month,Yes,Electronic check,107.01,1293.2,Yes
1852-IUREU,Female,1,Yes,No,17,No,No phone service,Fiber optic,No,No,No,No,Yes,Yes,One year,Yes,Credit card (automatic),80.14,1354.72,Yes
3852-DUFDL,Male,0,No,No,1,Yes,Yes,DSL,No,Yes,No,No,No,No,Month-to-month,Yes,Electronic check,65.53,63.57,Yes
5395-LBMQV,Male,0,No,No,47,Yes,Yes,DSL,No,No,Yes,No,No,No,Two year,No,Bank transfer (automatic),66.24,3108.88,No
9915-GMBWM,Female,0,Yes,No,29,Yes,Yes,DSL,Yes,Yes,Yes,No,Yes,No,One year,Yes,Mailed check,81.55,2370.1,No
7889-GDCKC,Male,0,Yes,Yes,1,Yes,No,DSL,Yes,Yes,No,Yes,Yes,Yes,Month-to-month,No,Bank transfer (automatic),84.65,82.38,No
4714-GJHXY,Male,1,Yes,Yes,4,Yes,Yes,No,No internet service,No internet service,No internet service,No internet service,No internet service,No internet service,Month-to-month,No,Bank transfer (automatic),34.58,146.74,Yes
6479-TPQJO,Male,1,No,No,35,Yes,No,Fiber optic,Yes,No,Yes,No,Yes,No,Two year,Yes,Electronic check,93.36,3266.24,Yes
5321-CQASU,Female,0,Yes,Yes,18,Yes,No,Fiber optic,Yes,Yes,No,Yes,Yes,No,Month-to-month,No,Credit card (automatic),98.22,1759.58,Yes
1718-JCIDS,Female,0,No,No,3,Yes,Yes,Fiber optic,No,No,Yes,No,Yes,Yes,Month-to-month,Yes,Electronic check,100.59,310.91,Yes
5228-EGESN,Female,0,No,No,29,Yes,Yes,DSL,Yes,No,Yes,No,No,Yes,Month-to-month,Yes,Electronic check,79.41,2300.94,Yes
6201-ROMVE,Male,0,Yes,No,23,Yes,Yes,Fiber optic,No,Yes,No,Yes,Yes,Yes,One year,Yes,Mailed check,106.26,2444.63,No
9558-QQLAG,Female,0,No,No,1,Yes,No,Fiber optic,No,Yes,Yes,Yes,Yes,No,Month-to-month,Yes,Mailed check,99.91,104.37,Yes
8171-OYWBK,Female,0,Yes,Yes,66,Yes,Yes,Fiber optic,Yes,No,No,No,No,No,Two year,No,Mailed check,84.37,5573.48,Yes
4749-YBLZH,Male,0,No,No,1,No,No phone service,DSL,No,No,Yes,Yes,No,Yes,Month-to-month,No,Bank transfer (automatic),64.07,58.83,No
7923-KDVML,Female,0,Yes,Yes,9,Yes,No,Fiber optic,No,Yes,No,Yes,No,No,Month-to-month,Yes,Mailed check,85.38,778.41,Yes
4666-QHLXG,Male,0,Yes,No,3,Yes,Yes,DSL,No,No,No,No,No,Yes,Month-to-month,Yes,Mailed check,70.92,208.25,Yes
6287-QZQMV,Male,0,Yes,Yes,65,Yes,No,DSL,Yes,No,No,Yes,Yes,No,Two year,Yes,Bank transfer (automatic),71.78,4674.72,No
2253-RVMWB,Male,0,Yes,Yes,25,Yes,Yes,DSL,No,No,No,No,Yes,No,Month-to-month,Yes,Electronic check,67.64,1696.76,No
1532-PMONN,Female,0,No,No,55,Yes,Yes,Fiber optic,No,Yes,Yes,No,Yes,No,Two year,No,Electronic check,96.45,5301.68,Yes
7246-EMQXA,Male,0,Yes,Yes,53,Yes,Yes,DSL,No,No,Yes,Yes,Yes,Yes,One year,Yes,Electronic check,84.93,4499.09,No
6672-ARVNI,Female,1,Yes,No,8,Yes,No,Fiber optic,Yes,Yes,No,Yes,No,No,Month-to-month,Yes,Mailed check,89.58,716.48,Yes
5167-EURID,Female,0,No,No,5,Yes,No,Fiber optic,No,Yes,No,No,Yes,No,Month-to-month,Yes,Electronic check,90.89,457.7,No
3227-RWIYX,Male,0,No,No,9,Yes,No,No,No internet service,No internet service,No internet service,No internet service,No internet service,No internet service,Month-to-month,Yes,Mailed check,29.98,273.25,Yes
4454-LJDNQ,Female,0,Yes,Yes,26,Yes,Yes,Fiber optic,No,Yes,Yes,Yes,Yes,Yes,Two year,Yes,Electronic check,111.38,2889.63,No
1726-EGZHN,Female,0,Yes,Yes,54,Yes,Yes,Fiber optic,Yes,Yes,Yes,Yes,No,Yes,Two year,Yes,Bank transfer (automatic),110.43,5970.42,No
5987-FVCMZ,Female,0,No,No,46,No,No phone service,DSL,Yes,No,Yes,Yes,Yes,Yes,Two year,Yes,Mailed check,74.7,3439.19,No
4426-LJQBL,Female,0,Yes,No,29,Yes,No,Fiber optic,No,Yes,Yes,Yes,Yes,Yes,Month-to-month,Yes,Bank transfer (automatic),106.87,3097.14,Yes
7000-IAWWA,Female,0,No,No,1,Yes,Yes,DSL,Yes,No,Yes,Yes,Yes,Yes,Month-to-month,Yes,Mailed check,91.59,88.03,No
3232-SNMPO,Male,0,No,No,1,Yes,Yes,Fiber optic,No,Yes,No,No,No,Yes,Month-to-month,Yes,Mailed check,92.08,82.75,Yes
7247-KRMQR,Female,0,Yes,Yes,24,Yes,Yes,DSL,No,Yes,Yes,No,No,Yes,One year,Yes,Mailed check,78.45,1887.33,No
5188-RFMCM,Male,0,Yes,Yes,61,Yes,Yes,No,No internet service,No internet service,No internet service,No internet service,No internet service,No internet service,Two year,No,Electronic check,34.43,2108.62,No
1738-MUKVL,Female,1,No,No,39,Yes,No,Fiber optic,Yes,Yes,No,No,Yes,No,One year,No,Mailed check,93.88,3663.44,Yes
4585-JXLQD,Female,0,Yes,No,20,Yes,Yes,DSL,Yes,No,No,Yes,Yes,No,One year,Yes,Bank transfer (automatic),77.39,1546.51,No
8318-ZTSUV,Female,0,Yes,Yes,12,Yes,Yes,Fiber optic,No,Yes,No,No,No,No,Month-to-month,No,Bank transfer (automatic),83.05,1002.34,Yes
7448-QUPPG,Male,1,No,No,30,Yes,Yes,No,No internet service,No internet service,No internet service,No internet service,No internet service,No internet service,One year,Yes,Electronic check,34.75,1045.08,Yes
8843-ABGUY,Female,0,No,No,13,Yes,Yes,Fiber optic,Yes,Yes,No,Yes,Yes,No,Month-to-month,No,Bank transfer (automatic),105.25,1363.29,Yes
9657-UHZVJ,Female,0,No,No,56,No,No phone service,DSL,Yes,No,No,No,Yes,No,Two year,Yes,Electronic check,56.42,3153.37,Yes
8708-PTCNE,Male,0,No,No,72,Yes,No,No,No internet service,No internet service,No internet service,No internet service,No internet service,No internet service,Two year,Yes,Electronic check,29.84,2145.08,Yes
4936-CYLVW,Female,0,No,No,1,Yes,No,No,No internet service,No internet service,No internet service,No internet service,No internet service,No internet service,Month-to-month,No,Credit card (automatic),32.28,41.69,No
4091-VVCBZ,Male,0,Yes,No,12,Yes,No,DSL,No,No,Yes,Yes,No,No,Month-to-month,No,Electronic check,65.07,775.92,Yes
7221-PHTQP,Male,0,No,No,1,Yes,Yes,Fiber optic,Yes,Yes,Yes,Yes,No,Yes,Month-to-month,Yes,Bank transfer (automatic),109.84,118.51,Yes
3574-ULSZC,Female,0,No,No,59,No,No phone service,Fiber optic,No,Yes,Yes,No,No,No,Two year,No,Bank transfer (automatic),77.49,4566.6,No
3534-QHTUM,Male,0,No,No,45,Yes,No,DSL,No,No,No,No,No,Yes,One year,Yes,Electronic check,62.61,2812.93,Yes
2827-OWLLW,Female,0,No,No,8,Yes,No,No,No internet service,No internet service,No internet service,No internet service,No internet service,No internet service,Month-to-month,Yes,Credit card (automatic),31.77,258.0,Yes
2974-PXEVD,Male,1,No,No,52,Yes,No,No,No internet service,No internet service,No internet service,No internet service,No internet service,No internet service,One year,No,Electronic check,30.65,1590.9,No
8331-IDQVL,Male,0,No,No,25,Yes,No,DSL,No,No,No,No,Yes,No,One year,Yes,Credit card (automatic),65.23,1630.11,No
3208-ZZTSJ,Female,0,No,No,4,Yes,No,DSL,No,No,Yes,No,No,Yes,Month-to-month,Yes,Bank transfer (automatic),70.67,283.67,Yes
6518-SRKVT,Female,0,No,No,17,Yes,Yes,Fiber optic,Yes,No,Yes,No,Yes,Yes,Month-to-month,No,Mailed check,106.35,1812.62,Yes
3341-MORWM,Female,0,Yes,No,35,Yes,No,Fiber optic,No,Yes,Yes,No,No,Yes,Month-to-month,No,Mailed check,94.89,3319.85,Yes
5328-OQUZU,Female,0,No,No,16,Yes,No,DSL,No,Yes,No,No,Yes,No,Month-to-month,Yes,Credit card (automatic),69.4,1105.52,Yes
2739-KHZPK,Female,0,Yes,No,72,Yes,Yes,DSL,No,Yes,No,Yes,Yes,No,Two year,No,Bank transfer (automatic),78.14,5625.61,Yes
9349-DBRAB,Male,0,No,No,33,Yes,Yes,Fiber optic,Yes,Yes,No,No,Yes,Yes,One year,No,Credit card (automatic),106.87,3531.03,No
5566-QCASR,Female,0,Yes,Yes,31,Yes,No,Fiber optic,No,No,Yes,Yes,Yes,Yes,Month-to-month,Yes,Credit card (automatic),103.97,3231.18,Yes
6852-PCCDV,Male,0,Yes,No,3,Yes,No,Fiber optic,No,No,No,Yes,Yes,No,Month-to-month,No,Mailed check,89.61,265.97,Yes
5702-XNHGS,Male,0,No,No,56,Yes,Yes,No,No internet service,No internet service,No internet service,No internet service,No internet service,No internet service,Two year,Yes,Mailed check,37.37,2092.22,No
2299-ZOVKJ,Female,0,Yes,Yes,14,Yes,Yes,DSL,No,No,Yes,No,Yes,No,Month-to-month,No,Credit card (automatic),74.81,1047.09,No
9359-WNVWC,Male,0,No,No,4,Yes,No,No,No internet service,No internet service,No internet service,No internet service,No internet service,No internet service,Month-to-month,Yes,Credit card (automatic),31.94,125.43,Yes
1852-HLSWE,Female,0,No,No,50,Yes,No,No,No internet service,No internet service,No internet service,No internet service,No internet service,No internet service,Month-to-month,Yes,Bank transfer (automatic),30.43,1512.99,No
3305-AACXL,Male,0,Yes,No,17,Yes,Yes,DSL,Yes,No,Yes,Yes,No,No,Month-to-month,Yes,Electronic check,74.46,1263.73,No
6207-APJXR,Male,0,No,No,64,Yes,No,Fiber optic,No,No,Yes,Yes,Yes,No,Two year,Yes,Electronic check,94.62,6060.0,No
8555-HEXLK,Male,0,Yes,Yes,3,No,No phone service,Fiber optic,No,Yes,No,Yes,Yes,No,Month-to-month,No,Electronic check,81.42,251.97,Yes
5741-OKBUO,Male,0,Yes,No,41,Yes,No,DSL,Yes,Yes,No,Yes,Yes,No,Month-to-month,Yes,Credit card (automatic),80.63,3296.89,No
6129-WZHIS,Female,0,Yes,Yes,54,Yes,Yes,DSL,Yes,No,No,Yes,Yes,No,Two year,No,Electronic check,79.54,4296.6,No
7659-BZMPE,Female,0,No,No,11,No,No phone service,Fiber optic,No,No,Yes,No,No,No,Month-to-month,Yes,Bank transfer (automatic),70.36,764.12,Yes
3940-IWTKW,Female,0,No,No,28,Yes,No,No,No internet service,No internet service,No internet service,No internet service,No internet service,No internet service,One year,No,Mailed check,30.49,853.7,No
5916-OVCBZ,Male,0,No,No,17,Yes,No,Fiber optic,No,No,Yes,Yes,No,No,One year,No,Credit card (automatic),87.25,1479.77,Yes
5437-TCHZT,Female,0,No,No,3,Yes,Yes,DSL,Yes,No,Yes,Yes,No,Yes,Month-to-month,Yes,Credit card (automatic),85.9,265.34,Yes
5129-WYLHG,Female,0,Yes,Yes,39,Yes,Yes,Fiber optic,No,No,Yes,No,Yes,Yes,One year,Yes,Electronic check,103.51,4031.29,Yes
8739-EYPQM,Female,0,Yes,Yes,30,Yes,No,No,No internet service,No internet service,No internet service,No internet service,No internet service,No internet service,Month-to-month,No,Bank transfer (automatic),28.19,851.63,Yes
2316-RWJYS,Male,1,No,No,41,No,No phone service,Fiber optic,No,Yes,No,No,No,No,Two year,Yes,Credit card (automatic),72.6,2976.24,Yes
8010-MRPEV,Male,0,Yes,Yes,18,Yes,Yes,No,No internet service,No internet service,No internet service,No internet service,No internet service,No internet service,One year,Yes,Mailed check,35.26,628.21,No
8950-NFYMZ,Male,0,Yes,Yes,18,Yes,No,Fiber optic,No,No,No,No,Yes,Yes,Month-to-month,Yes,Mailed check,90.71,1630.88,Yes
9718-FCAOA,Female,0,Yes,No,5,Yes,Yes,No,No internet service,No internet service,No internet service,No internet service,No internet service,No internet service,Month-to-month,No,Credit card (automatic),36.59,182.1,Yes
7089-YQXQI,Female,0,No,No,18,Yes,No,DSL,No,Yes,No,No,No,Yes,Month-to-month,Yes,Electronic check,66.66,1197.07,No
7155-NEDBD,Female,0,No,No,10,Yes,Yes,DSL,No,No,Yes,No,No,Yes,Month-to-month,No,Credit card (automatic),75.56,761.94,Yes
4278-QHDBB,Male,0,No,No,38,Yes,No,DSL,Yes,Yes,Yes,Yes,No,No,One year,Yes,Bank transfer (automatic),77.18,2937.13,Yes
9743-PWQXJ,Male,0,Yes,Yes,26,Yes,Yes,No,No internet service,No internet service,No internet service,No internet service,No internet service,No internet service,One year,No,Bank transfer (automatic),36.74,961.67,Yes
8698-AMNAW,Female,0,Yes,No,7,Yes,Yes,No,No internet service,No internet service,No internet service,No internet service,No internet service,No internet service,Month-to-month,Yes,Electronic check,37.49,254.8,Yes
6370-XIMXN,Male,0,Yes,Yes,4,Yes,Yes,DSL,Yes,No,Yes,No,Yes,No,Month-to-month,Yes,Mailed check,76.07,308.15,No
6910-BVXDI,Female,0,Yes,No,42,Yes,No,DSL,No,Yes,No,Yes,Yes,Yes,Month-to-month,No,Bank transfer (automatic),79.44,3326.97,No
5743-CASVM,Male,0,No,No,35,Yes,No,DSL,Yes,Yes,Yes,No,No,Yes,Month-to-month,No,Credit card (automatic),78.81,2766.22,Yes
8341-FMPBY,Female,0,Yes,No,38,Yes,Yes,DSL,No,No,Yes,No,Yes,No,Two year,Yes,Bank transfer (automatic),75.15,2862.65,Yes
4361-PHCQN,Male,0,No,No,7,Yes,No,No,No internet service,No internet service,No internet service,No internet service,No internet service,No internet service,Month-to-month,No,Credit card (automatic),29.49,215.79,Yes
4194-CHTIZ,Female,0,No,No,52,Yes,Yes,Fiber optic,No,Yes,No,Yes,No,No,Two year,No,Electronic check,90.67,4717.19,No
7731-UGRBF,Female,1,Yes,Yes,6,Yes,Yes,DSL,Yes,No,Yes,Yes,No,Yes,Month-to-month,No,Mailed check,83.48,496.05,Yes
6084-GVXYL,Female,0,No,No,23,Yes,No,No,No internet service,No internet service,No internet service,No internet service,No internet service,No internet service,Month-to-month,Yes,Mailed check,30.32,696.89,Yes
7856-YFNJZ,Female,0,Yes,No,4,Yes,Yes,Fiber optic,Yes,Yes,Yes,No,Yes,Yes,Month-to-month,No,Mailed check,110.47,441.88,Yes
8646-JNXDA,Female,0,No,No,25,Yes,Yes,DSL,Yes,No,No,Yes,Yes,No,One year,No,Credit card (automatic),80.27,2006.83,No
2037-WEPIW,Female,0,No,No,49,Yes,Yes,Fiber optic,No,Yes,No,Yes,Yes,No,Two year,Yes,Credit card (automatic),100.97,4946.39,Yes
1676-ONGSQ,Female,0,No,No,5,Yes,No,DSL,Yes,No,Yes,Yes,No,No,Month-to-month,No,Bank transfer (automatic),70.7,361.86,Yes
3219-KEFRN,Male,0,No,No,5,Yes,No,Fiber optic,No,Yes,No,No,No,Yes,Month-to-month,No,Credit card (automatic),89.62,438.27,Yes
8293-NXQIX,Male,0,Yes,Yes,2,Yes,No,Fiber optic,Yes,No,Yes,No,No,No,Month-to-month,Yes,Electronic check,84.17,173.02,Yes
2275-HEZVR,Female,0,No,No,70,Yes,No,DSL,No,Yes,Yes,Yes,No,Yes,Two year,Yes,Electronic check,77.76,5450.48,No
8122-DNVXL,Female,0,No,No,1,Yes,Yes,DSL,Yes,No,No,No,No,No,Month-to-month,No,Mailed check,63.58,65.87,Yes
6187-VIDXR,Female,1,No,No,30,Yes,No,DSL,No,No,Yes,Yes,Yes,No,One year,Yes,Credit card (automatic),73.36,2196.23,No
1384-CZGFE,Male,0,Yes,No,11,Yes,Yes,DSL,No,Yes,Yes,No,No,No,Month-to-month,No,Credit card (automatic),68.93,756.48,Yes
2423-BJJGO,Female,0,Yes,No,18,Yes,Yes,No,No internet service,No internet service,No internet service,No internet service,No internet service,No internet service,Month-to-month,Yes,Credit card (automatic),34.16,612.19,No
1515-BCVKH,Female,0,Yes,No,44,Yes,No,Fiber optic,Yes,Yes,Yes,Yes,Yes,No,One year,Yes,Bank transfer (automatic),102.54,4520.62,No
5073-BCXWW,Male,0,No,No,3,Yes,Yes,Fiber optic,Yes,No,Yes,Yes,No,No,Month-to-month,No,Mailed check,93.28,285.31,Yes
2785-KKVXO,Male,1,No,No,46,Yes,No,Fiber optic,Yes,Yes,No,Yes,Yes,No,Two year,Yes,Mailed check,97.79,4507.35,No
3885-DLKUG,Female,0,No,No,41,Yes,No,DSL,No,Yes,No,Yes,No,No,One year,No,Bank transfer (automatic),63.4,2609.32,Yes
9328-JOJSZ,Female,0,No,No,14,No,No phone service,Fiber optic,Yes,Yes,No,Yes,No,No,One year,Yes,Mailed check,81.81,1136.33,No
7543-YHGXG,Male,0,No,No,12,Yes,No,No,No internet service,No internet service,No internet service,No internet service,No internet service,No internet service,Month-to-month,Yes,Bank transfer (automatic),29.14,355.19,No
6064-ILLXM,Female,0,Yes,Yes,72,Yes,No,DSL,No,Yes,No,No,No,No,Two year,Yes,Mailed check,61.31,4410.24,No
1166-KQUWA,Female,0,No,No,57,No,No phone service,DSL,Yes,Yes,Yes,No,No,Yes,Two year,Yes,Mailed check,68.12,3882.96,No
8697-ZBXTH,Male,1,No,No,23,Yes,Yes,DSL,No,No,Yes,No,No,No,Month-to-month,Yes,Electronic check,66.25,1533.63,Yes
4351-XHSMA,Male,0,Yes,Yes,50,Yes,No,Fiber optic,No,Yes,No,No,No,No,One year,No,Credit card (automatic),79.05,3956.32,No
3556-NBCBK,Male,1,Yes,Yes,1,Yes,No,DSL,Yes,No,No,Yes,No,Yes,Month-to-month,Yes,Electronic check,73.22,75.65,No
1327-QYKFL,Male,0,Yes,Yes,65,Yes,Yes,Fiber optic,Yes,No,Yes,No,No,Yes,One year,Yes,Mailed check,98.2,6391.49,No
6387-EZEPL,Male,0,Yes,No,5,Yes,No,No,No internet service,No internet service,No internet service,No internet service,No internet service,No internet service,Month-to-month,Yes,Mailed check,32.91,172.84,Yes
3516-NKDPC,Female,1,No,No,63,Yes,No,No,No internet service,No internet service,No internet service,No internet service,No internet service,No internet service,Two year,Yes,Credit card (automatic),32.79,,No
4668-FFZLY,Male,1,Yes,No,1,Yes,No,DSL,No,Yes,No,Yes,No,No,Month-to-month,Yes,Electronic check,63.71,69.76,Yes
1710-ENHPO,Female,1,Yes,Yes,35,Yes,No,DSL,Yes,Yes,No,Yes,Yes,Yes,One year,Yes,Mailed check,88.44,3102.09,Yes
4411-EOQXR,Female,0,No,No,48,Yes,Yes,Fiber optic,No,No,No,Yes,Yes,Yes,Two year,No,Bank transfer (automatic),99.82,4786.56,No
9831-MWAIP,Male,0,No,No,55,Yes,No,No,No internet service,No internet service,No internet service,No internet service,No internet service,No internet service,Two year,No,Electronic check,30.97,1704.64,No
6170-ZOZTJ,Female,0,No,No,1,Yes,Yes,DSL,No,No,Yes,No,No,Yes,Month-to-month,No,Credit card (automatic),73.64,63.75,Yes
6250-RXECX,Male,0,Yes,No,5,Yes,Yes,Fiber optic,Yes,No,No,Yes,No,No,Month-to-month,No,Bank transfer (automatic),90.07,459.38,Yes
7687-USRUZ,Female,1,No,No,1,Yes,Yes,Fiber optic,Yes,Yes,Yes,No,No,No,Month-to-month,Yes,Bank transfer (automatic),95.31,93.7,Yes
7468-JLFDQ,Female,0,Yes,No,4,Yes,No,No,No internet service,No internet service,No internet service,No internet service,No internet service,No internet service,Month-to-month,Yes,Electronic check,31.96,133.88,Yes
4992-BUXLS,Male,0,No,No,1,Yes,No,Fiber optic,Yes,No,No,Yes,No,Yes,Month-to-month,No,Electronic check,92.61,98.13,Yes
3701-OAMNQ,Female,1,Yes,Yes,8,Yes,No,DSL,Yes,No,Yes,No,Yes,Yes,Month-to-month,Yes,Electronic check,80.99,639.01,Yes
8530-BOGDR,Female,0,No,No,56,Yes,Yes,No,No internet service,No internet service,No internet service,No internet service,No internet service,No internet service,Two year,Yes,Bank transfer (automatic),35.06,1954.01,No
7344-ROHKB,Male,1,Yes,Yes,32,Yes,No,No,No internet service,No internet service,No internet service,No internet service,No internet service,No internet service,One year,Yes,Bank transfer (automatic),31.56,1008.97,No
9330-XDULQ,Female,0,No,No,39,No,No phone service,Fiber optic,No,No,Yes,Yes,Yes,Yes,Month-to-month,Yes,Credit card (automatic),89.32,3479.97,Yes
6455-PJDZW,Male,0,Yes,No,21,Yes,No,No,No internet service,No internet service,No internet service,No internet service,No internet service,No internet service,Month-to-month,Yes,Electronic check,29.39,617.9,No
3990-YTKYQ,Male,0,No,No,48,Yes,No,Fiber optic,Yes,No,Yes,Yes,Yes,No,Month-to-month,No,Credit card (automatic),99.19,4760.5,Yes
4648-DQPJN,Male,0,No,No,54,Yes,Yes,Fiber optic,Yes,No,No,Yes,No,No,Two year,No,Bank transfer (automatic),90.99,4904.66,No
9951-BCTQX,Female,0,Yes,No,41,Yes,Yes,DSL,Yes,No,Yes,Yes,No,Yes,Two year,No,Electronic check,85.46,3510.51,Yes
2322-LQWKC,Female,0,No,No,10,Yes,Yes,DSL,No,No,Yes,Yes,No,No,Month-to-month,Yes,Bank transfer (automatic),72.99,720.13,Yes
8858-MRZIM,Female,0,Yes,Yes,3,Yes,No,Fiber optic,Yes,No,Yes,No,No,No,Month-to-month,Yes,Mailed check,86.43,261.51,Yes
8671-KQCHZ,Female,0,Yes,Yes,20,Yes,Yes,Fiber optic,Yes,Yes,Yes,No,Yes,Yes,Month-to-month,Yes,Mailed check,113.92,2277.26,Yes
8757-BIHRK,Male,0,No,No,2,Yes,No,Fiber optic,Yes,No,No,Yes,Yes,Yes,Month-to-month,Yes,Electronic check,99.59,195.45,Yes
8819-KHCZW,Male,0,No,No,19,No,No phone service,Fiber optic,Yes,Yes,Yes,No,No,Yes,Month-to-month,Yes,Mailed check,89.05,1686.79,Yes
3733-VDZFH,Female,0,Yes,No,11,Yes,No,Fiber optic,No,No,No,Yes,Yes,No,Month-to-month,Yes,Mailed check,87.87,956.82,Yes
6336-USBXU,Male,0,No,No,2,Yes,Yes,Fiber optic,No,Yes,No,No,No,Yes,Month-to-month,Yes,Credit card (automatic),91.12,180.8,Yes
6917-WYSJN,Female,0,Yes,No,51,Yes,Yes,DSL,Yes,Yes,No,No,No,Yes,Month-to-month,Yes,Bank transfer (automatic),76.99,3919.2,No
1400-ZFHCX,Female,0,No,No,37,Yes,No,DSL,No,No,Yes,No,Yes,Yes,One year,No,Credit card (automatic),74.04,2730.1,No
6452-GEYOZ,Male,0,Yes,No,64,Yes,No,Fiber optic,No,No,No,Yes,No,No,Two year,Yes,Bank transfer (automatic),79.66,5091.41,No
7282-EEAZR,Female,0,No,No,48,Yes,Yes,No,No internet service,No internet service,No internet service,No internet service,No internet service,No internet service,One year,Yes,Credit card (automatic),33.61,1613.64,No
7161-BSOUF,Female,0,Yes,No,37,Yes,Yes,Fiber optic,Yes,Yes,Yes,No,Yes,No,Month-to-month,Yes,Mailed check,103.42,3824.01,Yes
2733-TGQQJ,Female,0,No,No,1,No,No phone service,DSL,No,Yes,No,No,Yes,Yes,Month-to-month,Yes,Mailed check,66.74,67.67,Yes
1027-RYXTN,Female,0,Yes,Yes,6,Yes,No,Fiber optic,Yes,No,Yes,Yes,No,Yes,Month-to-month,Yes,Credit card (automatic),98.56,591.51,Yes
9283-HUHUM,Male,0,Yes,Yes,20,Yes,No,Fiber optic,No,No,Yes,Yes,Yes,Yes,Month-to-month,No,Electronic check,103.01,2054.86,No
4943-BPMZI,Female,0,No,No,37,Yes,Yes,DSL,Yes,Yes,No,No,No,Yes,One year,Yes,Mailed check,76.52,2824.43,No
8221-IABRC,Male,0,Yes,Yes,1,Yes,No,DSL,Yes,Yes,Yes,No,No,Yes,Month-to-month,No,Bank transfer (automatic),79.06,72.4,Yes
1398-WDIWE,Female,1,Yes,Yes,51,Yes,Yes,DSL,Yes,Yes,Yes,No,Yes,No,Two year,Yes,Credit card (automatic),85.34,4345.74,No
1294-BRYEW,Male,0,No,No,30,Yes,No,DSL,No,No,Yes,Yes,No,Yes,One year,No,Credit card (automatic),71.71,2151.12,Yes
5625-JSOOL,Male,0,No,No,14,Yes,Yes,Fiber optic,No,Yes,Yes,No,Yes,No,Month-to-month,Yes,Electronic check,96.18,1353.38,Yes
7190-YMAXR,Female,1,Yes,No,3,Yes,No,Fiber optic,No,Yes,Yes,Yes,No,Yes,Month-to-month,Yes,Electronic check,99.19,291.6,Yes
7874-KGOFJ,Female,0,Yes,Yes,31,Yes,No,Fiber optic,Yes,Yes,Yes,No,Yes,No,One year,Yes,Credit card (automatic),98.44,3042.52,No
8053-NQGJZ,Male,0,No,No,16,Yes,No,Fiber optic,No,No,No,No,Yes,Yes,Month-to-month,Yes,Electronic check,92.81,1493.26,Yes
4499-ECZCN,Male,0,Yes,No,58,Yes,No,Fiber optic,No,Yes,No,No,Yes,Yes,Two year,Yes,Credit card (automatic),96.37,5586.55,Yes
7573-CKEDQ,Female,0,No,No,57,Yes,No,No,No internet service,No internet service,No internet service,No internet service,No internet service,No internet service,Two year,No,Mailed check,28.05,1606.62,No
8965-CAFUI,Female,0,No,No,22,Yes,No,No,No internet service,No internet service,No internet service,No internet service,No internet service,No internet service,Month-to-month,No,Credit card (automatic),28.57,636.68,No
5840-IBHPJ,Male,1,Yes,No,4,Yes,No,DSL,No,No,Yes,No,No,No,Month-to-month,Yes,Credit card (automatic),61.44,247.63,Yes
2521-AUANE,Female,1,Yes,Yes,4,Yes,No,Fiber optic,No,Yes,Yes,Yes,No,Yes,Month-to-month,Yes,Electronic check,98.46,399.53,Yes
3841-JIXFR,Male,0,Yes,Yes,33,Yes,Yes,DSL,Yes,No,No,Yes,No,No,One year,Yes,Electronic check,68.48,2254.79,No
1592-JOOOL,Male,0,No,No,67,Yes,Yes,DSL,Yes,Yes,No,No,No,Yes,Two year,Yes,Electronic check,79.91,5362.82,No
5551-SVZJM,Female,0,No,No,54,Yes,No,Fiber optic,No,Yes,Yes,No,Yes,Yes,Two year,Yes,Electronic check,103.4,5585.18,Yes
8076-DDIIV,Female,0,Yes,Yes,3,Yes,Yes,DSL,Yes,Yes,No,No,Yes,Yes,Month-to-month,No,Electronic check,87.89,257.38,No
1699-WIALF,Male,0,Yes,No,54,Yes,No,No,No internet service,No internet service,No internet service,No internet service,No internet service,No internet service,Two year,Yes,Credit card (automatic),31.19,1683.54,No
3331-SWPQT,Female,1,No,No,53,Yes,No,No,No internet service,No internet service,No internet service,No internet service,No internet service,No internet service,Month-to-month,Yes,Bank transfer (automatic),32.89,1739.03,No
6022-JSALY,Male,0,Yes,No,7,Yes,No,DSL,Yes,No,Yes,Yes,No,No,Month-to-month,Yes,Credit card (automatic),71.04,499.27,Yes
3678-OEKEM,Male,0,Yes,Yes,50,Yes,Yes,DSL,Yes,No,No,No,No,Yes,Month-to-month,No,Bank transfer (automatic),71.31,3560.17,Yes
8345-KQFYU,Female,0,Yes,No,2,Yes,Yes,Fiber optic,No,Yes,Yes,No,Yes,Yes,Month-to-month,No,Mailed check,108.33,215.22,Yes
5101-SFGBF,Male,0,No,No,21,Yes,Yes,DSL,Yes,No,No,Yes,No,Yes,One year,Yes,Electronic check,76.54,1617.32,Yes
3794-AFLMU,Male,0,No,No,54,Yes,No,No,No internet service,No internet service,No internet service,No internet service,No internet service,No internet service,Two year,No,Credit card (automatic),32.35,1745.94,No
4178-BCKNP,Female,0,No,No,7,Yes,Yes,DSL,Yes,No,Yes,Yes,Yes,Yes,Month-to-month,Yes,Bank transfer (automatic),91.37,644.31,No
7628-JLNZX,Female,0,Yes,No,8,Yes,No,No,No internet service,No internet service,No internet service,No internet service,No internet service,No internet service,Month-to-month,Yes,Credit card (automatic),32.03,249.93,No
3793-LMGJY,Female,0,No,No,43,Yes,Yes,DSL,No,Yes,Yes,Yes,Yes,No,One year,No,Mailed check,83.95,3603.88,No
1113-HAFUQ,Male,0,Yes,No,37,Yes,No,DSL,No,No,Yes,No,Yes,No,One year,Yes,Electronic check,67.02,2474.42,No
3154-XEMSO,Male,0,Yes,No,30,Yes,Yes,Fiber optic,Yes,Yes,Yes,Yes,No,No,Month-to-month,Yes,Electronic check,101.26,3032.69,Yes
8758-TLANI,Male,0,No,No,46,No,No phone service,No,No internet service,No internet service,No internet service,No internet service,No internet service,No internet service,One year,No,Electronic check,18.02,832.82,Yes
2443-KNENG,Male,0,No,No,22,No,No phone service,Fiber optic,Yes,Yes,Yes,Yes,No,Yes,Month-to-month,Yes,Bank transfer (automatic),92.25,2025.83,No
7909-PSGZE,Female,0,No,No,1,Yes,No,No,No internet service,No internet service,No internet service,No internet service,No internet service,No internet service,Month-to-month,Yes,Electronic check,29.7,35.7,Yes
3609-GBSMA,Female,0,Yes,No,7,Yes,Yes,Fiber optic,Yes,Yes,No,No,No,Yes,Month-to-month,No,Mailed check,96.19,674.57,Yes
3099-HLNKF,Female,0,No,No,12,Yes,No,Fiber optic,Yes,Yes,No,No,No,Yes,Month-to-month,No,Mailed check,94.06,1131.72,Yes
2085-SKOPL,Female,0,No,No,58,Yes,No,Fiber optic,Yes,No,No,Yes,Yes,No,Two year,No,Bank transfer (automatic),93.08,5390.35,No
5462-JILSX,Female,0,No,No,35,No,No phone service,No,No internet service,No internet service,No internet service,No internet service,No internet service,No internet service,Month-to-month,Yes,Credit card (automatic),18.37,652.41,No
9405-XEHOO,Male,0,No,No,4,Yes,Yes,Fiber optic,No,No,No,Yes,Yes,No,Month-to-month,No,Credit card (automatic),93.48,365.16,Yes
8854-VEIYO,Male,0,Yes,No,27,No,No phone service,DSL,No,No,Yes,Yes,No,Yes,Month-to-month,Yes,Electronic check,62.52,1687.86,Yes
3568-LXOAT,Female,0,Yes,Yes,29,Yes,Yes,DSL,No,Yes,No,Yes,Yes,Yes,One year,Yes,Bank transfer (automatic),84.16,2444.16,No
5766-EXBYJ,Female,0,No,No,20,Yes,No,No,No internet service,No internet service,No internet service,No internet service,No internet service,No internet service,Month-to-month,Yes,Mailed check,30.78,625.05,No
9116-RTUKW,Female,0,No,No,28,Yes,No,Fiber optic,Yes,Yes,No,Yes,Yes,No,Month-to-month,No,Electronic check,98.04,2754.6,Yes
2095-RFCJA,Male,0,No,No,15,Yes,No,No,No internet service,No internet service,No internet service,No internet service,No internet service,No internet service,Month-to-month,No,Electronic check,30.55,454.12,Yes
7341-WZIIU,Female,0,Yes,Yes,54,Yes,Yes,Fiber optic,No,Yes,No,Yes,Yes,Yes,Two year,No,Bank transfer (automatic),107.04,5781.94,No
7557-JBSWS,Male,0,No,No,10,Yes,Yes,Fiber optic,No,Yes,No,Yes,Yes,No,Month-to-month,No,Bank transfer (automatic),98.63,981.5,Yes
7395-DOGLB,Male,1,Yes,No,17,Yes,No,No,No internet service,No internet service,No internet service,No internet service,No internet service,No internet service,Month-to-month,Yes,Electronic check,31.43,526.01,Yes
6300-ILPAB,Male,0,No,No,16,Yes,No,DSL,Yes,Yes,Yes,No,Yes,No,Month-to-month,Yes,Mailed check,78.21,1242.83,No
2788-ZBCKL,Female,0,No,No,32,Yes,Yes,No,No internet service,No internet service,No internet service,No internet service,No internet service,No internet service,One year,No,Mailed check,34.36,1101.55,No
8666-CKIUP,Male,0,Yes,No,52,Yes,No,No,No internet service,No internet service,No internet service,No internet service,No internet service,No internet service,Two year,No,Mailed check,30.69,1598.37,No
5884-FYNJP,Female,0,Yes,Yes,55,Yes,No,No,No internet service,No internet service,No internet service,No internet service,No internet service,No internet service,Two year,Yes,Credit card (automatic),32.21,1773.64,No
1133-NMLOC,Female,1,Yes,Yes,12,Yes,No,DSL,Yes,No,No,No,No,No,Month-to-month,Yes,Electronic check,60.26,720.37,Yes
3466-MKBIL,Male,0,No,No,43,No,No phone service,Fiber optic,No,No,Yes,Yes,Yes,No,One year,Yes,Electronic check,82.2,3535.52,No
1507-FKYPC,Male,0,No,No,48,Yes,No,No,No internet service,No internet service,No internet service,No internet service,No internet service,No internet service,Two year,Yes,Credit card (automatic),29.79,1422.05,No
4530-VPEIZ,Female,0,No,No,24,Yes,No,No,No internet service,No internet service,No internet service,No internet service,No internet service,No internet service,One year,No,Credit card (automatic),32.07,761.52,No
8903-BKKTT,Female,1,Yes,No,10,Yes,No,Fiber optic,Yes,Yes,Yes,Yes,Yes,Yes,Month-to-month,No,Credit card (automatic),109.65,1100.2,Yes
7903-HPKJV,Female,0,No,No,1,Yes,No,Fiber optic,No,Yes,No,No,No,Yes,Month-to-month,Yes,Credit card (automatic),87.9,78.87,Yes
1514-WSWQX,Male,0,Yes,No,3,Yes,Yes,Fiber optic,No,Yes,No,No,Yes,No,Month-to-month,No,Credit card (automatic),93.62,283.24,Yes
1628-YPWEU,Female,1,No,No,8,Yes,No,Fiber optic,Yes,No,No,No,No,Yes,Month-to-month,Yes,Credit card (automatic),90.88,718.9,Yes
8870-LXYOW,Male,0,No,No,50,Yes,No,Fiber optic,Yes,Yes,Yes,No,No,No,Two year,Yes,Credit card (automatic),88.42,4428.38,No
3871-WVXUB,Female,0,Yes,Yes,11,Yes,Yes,Fiber optic,No,Yes,Yes,No,No,Yes,Month-to-month,Yes,Credit card (automatic),97.85,1084.21,Yes
8036-TDRBT,Female,0,No,No,28,Yes,Yes,No,No internet service,No internet service,No internet service,No internet service,No internet service,No internet service,One year,Yes,Bank transfer (automatic),36.37,1009.88,No
9405-QSNPX,Male,0,Yes,Yes,54,Yes,No,DSL,Yes,No,No,Yes,No,Yes,Two year,Yes,Electronic check,75.18,4054.68,No
9303-HSUWG,Female,0,No,No,5,Yes,Yes,DSL,No,Yes,No,Yes,No,Yes,Month-to-month,No,Bank transfer (automatic),79.84,397.55,Yes
3148-BQRQC,Female,0,No,No,1,Yes,No,No,No internet service,No internet service,No internet service,No internet service,No internet service,No internet service,Month-to-month,Yes,Mailed check,31.95,26.59,Yes
5470-JFTUH,Male,0,No,No,13,Yes,Yes,DSL,Yes,Yes,Yes,Yes,No,Yes,Month-to-month,No,Credit card (automatic),87.21,1141.34,Yes
4095-PWGHT,Male,0,Yes,No,3,Yes,No,DSL,No,No,No,No,Yes,No,Month-to-month,No,Bank transfer (automatic),62.92,185.66,No
9951-RVVPP,Female,0,Yes,No,15,Yes,No,DSL,No,No,Yes,Yes,No,No,Month-to-month,Yes,Mailed check,66.02,990.67,Yes
2166-OOVQP,Female,0,Yes,No,31,Yes,No,No,No internet service,No internet service,No internet service,No internet service,No internet service,No internet service,One year,No,Mailed check,31.35,975.43,No
8663-AFECN,Female,0,No,No,64,Yes,Yes,No,No internet service,No internet service,No internet service,No internet service,No internet service,No internet service,One year,No,Electronic check,36.32,2315.17,No
3078-BKXXX,Female,0,Yes,No,4,Yes,No,Fiber optic,No,No,Yes,Yes,Yes,Yes,Month-to-month,Yes,Bank transfer (automatic),103.12,418.06,Yes
8826-GCMXQ,Male,1,Yes,Yes,25,Yes,No,Fiber optic,No,Yes,Yes,No,No,Yes,One year,No,Electronic check,95.89,2402.78,Yes
7886-HBASF,Male,0,No,No,64,Yes,Yes,Fiber optic,Yes,Yes,Yes,Yes,Yes,Yes,Two year,No,Electronic check,117.18,7500.02,Yes
6415-EOBVM,Male,0,No,No,55,Yes,No,Fiber optic,Yes,Yes,No,Yes,No,Yes,Two year,Yes,Mailed check,96.48,5306.21,Yes
5926-JTZMA,Male,0,Yes,Yes,35,No,No phone service,Fiber optic,Yes,No,No,Yes,Yes,No,Two year,Yes,Electronic check,81.2,2841.18,No
1416-NGQYN,Male,0,Yes,Yes,6,Yes,No,No,No internet service,No internet service,No internet service,No internet service,No internet service,No internet service,Month-to-month,Yes,Credit card (automatic),31.7,190.99,Yes
6974-LAFTK,Female,0,No,No,6,Yes,No,DSL,No,Yes,Yes,Yes,No,No,Month-to-month,Yes,Credit card (automatic),69.57,411.76,Yes
1073-HVFWA,Male,1,No,No,19,Yes,Yes,DSL,Yes,Yes,No,No,No,No,Month-to-month,Yes,Bank transfer (automatic),69.01,1315.37,No
5761-UCLNI,Male,0,Yes,No,46,Yes,Yes,Fiber optic,Yes,No,Yes,Yes,No,Yes,Two year,No,Mailed check,104.43,4811.09,No
1867-UTGYV,Male,0,No,No,7,Yes,Yes,DSL,Yes,Yes,No,Yes,No,No,Month-to-month,No,Mailed check,73.3,522.73,Yes
